pattern,cik,sec_name,gleif_legal_name,lei,gleif_registration_status,sec_state_of_incorporation,gleif_jurisdiction,sec_business_street,sec_business_city,sec_business_state_or_country,sec_business_zip,sec_mailing_zip,gleif_hq_street,gleif_hq_city,gleif_hq_region,gleif_hq_postal,gleif_hq_country,tickers,sec_former_names,same_entity (yes/no/unsure),note
GLEIF jurisdiction is country only,0001347858,"22nd Century Group, Inc.","22ND CENTURY GROUP, INC.",5493000LGPXTLG1UMJ56,LAPSED,FL,US,8560 MAIN STREET SUITE 4,WILLIAMSVILLE,IN,14221,14221,112 NORTH CURRY STREET,Carson City,US-NV,89703,US,XXII,Touchstone Mining LTD,,
GLEIF jurisdiction is country only,0001062579,AMDOCS LTD,Amdocs Limited,549300HQV672RJ7RQV66,ISSUED,X0,GG,"P.O BOX 263, HIRZEL HOUSE, SMITH STREET",ST. PETER PORT,Y7,,,Hirzel House Smith Street,St Peter Port,,GY1 2NG,GG,DOX,,,
GLEIF jurisdiction is country only,0001467373,Accenture plc,ACCENTURE PLC,549300JY6CF6DO4YFQ03,RETIRED,L2,GI,1 GRAND CANAL SQUARE GRAND CANAL HARBOUR,DUBLIN,L2,D2,D2,57/63 LINE WALL ROAD,GIBRALTAR,,GX11 1AA,GI,ACN,Accenture plc,,
GLEIF jurisdiction is country only,0001577552,Alibaba Group Holding Ltd,Alibaba Group Holding Limited,5493001NTNQJDH60PM02,ISSUED,K3,KY,"26/F TOWER ONE TIMES SQUARE, 1 MATHESON STREET",CAUSEWAY BAY,K3,00000,00000,"26/F Tower One, Times Square 1 Matheson Street Causeway Bay Shedden Road",Hong Kong,,,HK,BABA BABAF BBAAY,,,
GLEIF jurisdiction is country only,0000835357,EQUITABLE FINANCIAL LIFE INSURANCE CO OF AMERICA,EQUITABLE FINANCIAL LIFE INSURANCE COMPANY OF AMERICA,549300U0TGYHZWHQH418,ISSUED,AZ,US,8501 IBM DRIVE SUITE 150,CHARLOTTE,NC,28262-4333,28262-4333,1345 Avenue of the Americas,New York,US-NY,10105,US,,MONY LIFE INSURANCE CO OF AMERICA | MONY LIFE INSURANCE COMPANY OF AMERICA,,
GLEIF jurisdiction is country only,0001928581,GMEX Robotics Corp,GMEX ROBOTICS CORPORATION,254900V63NXOM0KJK029,ISSUED,E9,VG,23-25 MANGROVE LN TAREN POINT,"SYDNEY, NSW",C3,,,Unit 2 & 3/1A Kirby Place,Bankstown,AU-NSW,2200,AU,GMEX,Fitell Corp,,
GLEIF jurisdiction is country only,0001160791,GOLD RESOURCE CORP,Gold Resource Corporation,5299006MQBYLDAOI2D32,LAPSED,CO,US,7887 EAST BELLEVIEW AVENUE SUITE 1100,DENVER,CO,80111,80111,2886 Carriage Manor Point,Colorado Springs,US-CO,80906,US,,,,
GLEIF jurisdiction is country only,0000885462,"GULF RESOURCES, INC.","GULF RESOURCES, INC.",5299006K28K1C4YMDD18,LAPSED,NV,US,"LEVEL 11, VEGETABLE BUILDING INDUSTRIAL PARK OF THE EAST CITY","SHOUGUANG CITY, SHANDONG",F4,262700,262700,"99 Wenchang Road, Cheming Industrial Park",Shouguang,CN-SD,262714,CN,GURE,DIVERSIFAX INC,,
GLEIF jurisdiction is country only,0001703644,Granite Point Mortgage Trust Inc.,Granite Point Mortgage Trust Inc.,529900VX2HQZ76AYIE02,LAPSED,MD,US,1114 AVENUE OF THE AMERICAS SUITE 3020,NEW YORK,NY,,,"590 Madison Ave, 38th Floor","New York, NY",US-NY,10022,US,GPMT GPMT-PA,,,
GLEIF jurisdiction is country only,0001507957,Ideal Power Inc.,Ideal Power Inc.,529900GSUN7DW3QD5F50,LAPSED,DE,US,5508 HIGHWAY 290 WEST SUITE 120,AUSTIN,TX,78735,78735,"Suite 600, 5004 Bee Creek Road",Spicewood,US-TX,78669,US,IPWR,"Ideal Power Converters, Inc.",,
GLEIF jurisdiction is country only,0002055116,Kestrel Group Ltd,KESTREL GROUP LTD,2138009BOJBGGB91SE42,LAPSED,D0,KN,11 BERMUDIANA ROAD MAILBOXES SUITE 1141,PEMBROKE,D0,HM 08,HM 08,"HUNKINS WATERFRONT PLAZA SUITE 556, MAIN STREET",CHARLESTOWN,KN-10,,KN,KG,Ranger Bermuda Topco Ltd,,
GLEIF jurisdiction is country only,0002027265,MASTERBEEF GROUP,MASTERBEEF GROUP,213800ZUT1ANTUFVZ833,ISSUED,K3,KY,"UNIT 1509-10, TOWER 1 EVER GAIN PLAZA 88 CONTAINER PORT ROAD","KWAI CHUNG, NEW TERRITORIES",K3,0000,0000,"UNIT 1509-10, TOWER 1, EVER GAIN PLAZA, 88 CONTAINER PORT ROAD",KWAI CHUNG,,,HK,MB,,,
GLEIF jurisdiction is country only,0001682241,Metalpha Technology Holding Ltd,Metalpha Technology Holding Limited,875500IK4ZZEEGL9MD76,ISSUED,K3,KY,"SUITE 5506-07, CENTRAL PLAZA 18 HARBOUR ROAD",WAN CHAI,K3,,,P.O. Box 32311 Suite #4-210 Governors Square 23 Lime Tree Bay Avenue,Cayman Islands,,KY1-1209,KY,MATH,Dragon Victory International Ltd,,
GLEIF jurisdiction is country only,0001937737,Moolec Science SA,MOOLEC SCIENCE SA,213800WD8XQSQDX4A963,RETIRED,E9,LU,"89 NEXUS WAY, CAMANA BAY",GRAND CAYMAN,E9,KY1-9009,KY1-9009,"17, BOULEVARD F.W. RAIFFEISEN",LUXEMBOURG,LU-LU,L-2411,LU,MLEC MLECW,,,
GLEIF jurisdiction is country only,0001039280,NETSOL TECHNOLOGIES INC,"NetSol Technologies, Inc.",529900EXOTPTUR7O6B54,LAPSED,NV,US,"16000 VENTURA BLVD., SUITE 770","ENCINO,",CA,91436,91436,"23975 Park Sorrento, Suite 250",Calabasas,US-CA,91302,US,NTWK,NETSOL INTERNATIONAL INC | MIRAGE HOLDINGS INC,,
GLEIF jurisdiction is country only,0001848763,ReNew Energy Global plc,Renew Energy Global PLC,254900SL77LA2KAG7R65,ISSUED,K7,GB,"C/O RENEW POWER, COMMERCIAL BLOCK-1 ZONE 6, GOLF COURSE RD, DLF CITY PHASE-V",GURUGRAM-HARYANA,K7,122009,122009,"138, Ansal Chambers II Bhikaji Cama Place",Delhi,IN-DL,110066,IN,RNW RNWWW,ReNew Energy Global Ltd,,
GLEIF jurisdiction is country only,0000745308,ST JOE Co,THE ST. JOE COMPANY,529900XVHOT3BF8PWG49,LAPSED,FL,US,130 RICHARD JACKSON BLVD SUITE 200,PANAMA CITY BEACH,FL,32407,32407,133 South Watersound Parkway,Watersound,US-FL,32461,US,JOE,ST JOE CORP | ST JOE PAPER CO,,
GLEIF jurisdiction is country only,0001166663,TSAKOS ENERGY NAVIGATION LTD,Tsakos Energy Navigation Limited,549300IFUTS62LRRCU54,ISSUED,J3,BM,367 SYNGROU AVE 175 64,ATHENS,J3,175 64,175 64,"19 Par-la-Ville Road,",Hamilton,,HM 11,BM,TEN TEN-PE TEN-PF,,,
GLEIF jurisdiction is country only,0001583107,"Theravance Biopharma, Inc.","Theravance Biopharma, Inc.",5493007VTSXP4Z6MIW52,LAPSED,CA,KY,"UGLAND HOUSE, SOUTH CHURCH STREET","GEORGE TOWN, GRAND CAYMAN",CA,KY1-1104,KY1-1104,PO Box 309 Ugland House South Church Street,George Town,,KY1-1104,KY,TBPH,,,
GLEIF jurisdiction is country only,0001430306,Tonix Pharmaceuticals Holding Corp.,Tonix Pharmaceuticals Holding Corp.,529900ACPKP9QW20GX48,LAPSED,NV,US,"200 CONNELL DRIVE, SUITE 3100",BERKELEY HEIGHTS,NJ,07922,07922,"Suite 306, 509 Madison Avenue",New York,US-NY,10022,US,TNXP,TAMANDARE EXPLORATIONS INC.,,
GLEIF jurisdiction is country only,0001929783,WORK Medical Technology Group LTD,WORK MEDICAL TECHNOLOGY GROUP LTD,254900WM2AKNLV7MTQ06,ISSUED,F4,KY,1/88 COOK ST,AUCKLAND CITY,Q2,1001,1001,4th Floor Harbour Place 103 South Church Street Grand Cayman,George Town,,KY1-1002,KY,WOK,WORK Medical Technology Group LTD | WORK Medical Technology LTD,,
GLEIF jurisdiction is country only; GLEIF HQ is a registered-agent address,0001944552,Adlai Nortye Ltd.,Adlai Nortye Ltd.,54930009TDXE4YQVKU60,ISSUED,DE,KY,"685 U.S. HIGHWAY ONE, 2ND FLOOR",NORTH BRUNSWICK,NJ,08902,08902,"c/o MAPLES CORPORATE SERVICES LIMITED, P.O. BOX 309 Ugland House, South Church Street",George Town,,KY1-1104,KY,ANL,,,
GLEIF jurisdiction is country only; SEC name ends /NEW,0000858446,INTERCONTINENTAL HOTELS GROUP PLC /NEW/,INTERCONTINENTAL HOTELS GROUP PLC,2138007ZFQYRUSLU3J98,ISSUED,DE,GB,"1 WINDSOR DIALS, ARTHUR ROAD, WINDSOR",BERKSHIRE,X0,X0 SL4 1RS,X0 SL4 1RS,"1 WINDSOR DIALS, ARTHUR ROAD",WINDSOR,GB-WNM,SL4 1RS,GB,IHG ICHGF,SIX CONTINENTS PLC | BASS PUBLIC LIMITED CO,,
GLEIF jurisdiction is country only; same city,0000720500,AMTECH SYSTEMS INC,"Amtech Systems, Inc.",5299008VRUUPETM6HZ85,LAPSED,AZ,US,58 S RIVER DRIVE SUITE 370,TEMPE,AZ,85288,85288,131 South Clark Drive,Tempe,US-AZ,85281,US,ASYS,,,
GLEIF jurisdiction is country only; same city,0000885245,BUCKLE INC,"BUCKLE, INC.",5299007IU0461T3GDL34,LAPSED,NE,US,2407 W 24TH ST,KEARNEY,NE,68847,68848-1480,2407 West 24th Street,Kearney,US-NV,68848,US,BKE,,,
GLEIF jurisdiction is country only; same city,0001177609,"FIVE BELOW, INC","Five Below, Inc.",529900AAXP5Z6BGI7418,LAPSED,PA,US,701 MARKET STREET SUITE 300,PHILADELPHIA,PA,19106,19106,"Suite 2000, 1818 Below Market Street",Philadelphia,US-PA,19103,US,FIVE,FIVE BELOW INC | CHEAP HOLDINGS INC,,
GLEIF jurisdiction is country only; same city,0001095565,HEALTHSTREAM INC,"HEALTHSTREAM, INC.",529900OJ88H8635JNH64,LAPSED,TN,US,500 11TH AVENUE NORTH SUITE 850,NASHVILLE,TN,,,"209 10th Avenue, South, Suite 450",Nashville,US-TN,37203,US,HSTM,,,
GLEIF jurisdiction is country only; same city,0001815779,Hafnia Ltd,Hafnia Limited,5493001KCFT0SCGJ2647,ISSUED,D0,SG,"MAPLETREE BUSINESS CITY #18-01 10 PASIR PANJANG ROAD, 117438",SINGAPORE,U0,,,10 PASIR PANJANG ROAD #18-01 MAPLETREE BUSINESS CITY,SINGAPORE,SG-01,117438,SG,HAFN,,,
GLEIF jurisdiction is country only; same city,0000833079,Meritage Homes CORP,MERITAGE HOMES CORPORATION,52990044W9UMFJO2FB97,LAPSED,MD,US,18655 NORTH CLARET DRIVE SUITE 400,SCOTTSDALE,AZ,85255,85255,"8800 East Raintree Drive, Suite 300",Scottsdale,US-AZ,85260,US,MTH,MERITAGE CORP | MONTEREY HOMES CORP | HOMEPLEX MORTGAGE INVESTMENTS CORP,,
GLEIF jurisdiction is country only; same city,0000025743,"TherapeuticsMD, Inc.","TherapeuticsMD, Inc.",5299004JS7RE49QHRW30,LAPSED,NV,US,"951 YAMATO ROAD, SUITE 220",BOCA RATON,FL,33431,33431,"Suite 320, 951 Broken Sound Parkway North West",Boca Raton,US-FL,33487,US,TXMD,"AMHN, Inc. | CROFF ENTERPRISES INC | CROFF OIL CO",,
GLEIF jurisdiction is country only; same city,0001930510,VCI Global Ltd,VCI GLOBAL LIMITED,254900ZXN2V35FXINY45,ISSUED,N8,VG,"SUITE 33.03 OF LEVEL 33, MENARA EXCHANGE 106, LINGKARAN TRX, TUN RAZAK EXCHANGE",KUALA LUMPUR,N8,55188,55188,"BO3-C-8, Menara 3A KL Eco City, No. 3 Jalan Bangsar",Kuala Lumpur,,59200,MY,VCIG,,,
GLEIF jurisdiction is country only; same city,0000863894,VERU INC.,Veru Inc.,529900ER63TFLEIJV631,LAPSED,WI,US,2916 N. MIAMI AVENUE SUITE 1000,MIAMI,FL,33127,33127,"4400 Biscayne Blvd., Suite 888",Miami,US-FL,33137,US,VERU,FEMALE HEALTH CO,,
SEC has no state of incorporation,0001888654,"5E Advanced Materials, Inc.","5E Advanced Materials, Inc.",254900H5C60Y146YOH74,LAPSED,,US-DE,9329 MARIPOSA ROAD SUITE 210,HESPERIA,CA,92344,92344,19500 State Highway 249 Suite 125,Houston,US-TX,77070,US,FEAM FEAV,,,
SEC has no state of incorporation,0001441683,APPIAN CORP,APPIAN CORPORATION,529900NIARIFW7HGU386,ISSUED,,US-DE,7950 JONES BRANCH DRIVE,MCLEAN,VA,22102,22102,"Suite 1700, 11955 Democracy Drive",Reston,US-VA,20190,US,APPN,,,
SEC has no state of incorporation,0001499505,Adecoagro S.A.,Adecoagro S.A.,529900Q00UR5LFELO811,LAPSED,,LU,"28, BOULEVARD F.W. RAIFFEEISEN",N/A,N4,L-2411,L-2411,6 Rue Eugène Ruppert,Luxembourg,LU-LU,L-2453,LU,AGRO,,,
SEC has no state of incorporation,0001697818,Amber International Holding Ltd,Amber International Holding Limited,549300RFP0MGSGB4CS86,ISSUED,,KY,1 WALLICH STREET #30-02 GUOCO TOWER,SINGAPORE,U0,,,Prosperity Millennia Plaza 663 King’s Road Quarry Bay,Hong Kong,,,HK,AMBR,iClick Interactive Asia Group Ltd,,
SEC has no state of incorporation,0001723128,"Amneal Pharmaceuticals, Inc.","AMNEAL PHARMACEUTICALS, INC.",549300VV176ZO5WQHZ61,LAPSED,,US-DE,,,,,08807,3rd Floor 400 Cross Boulevard,Bridgewater,US-NJ,08807,US,AMRX,"Atlas Holdings, Inc.",,
SEC has no state of incorporation,0001297184,"Amphastar Pharmaceuticals, Inc.","AMPHASTAR PHARMACEUTICALS, INC.",54930055TH0ZLSAQMJ38,ISSUED,,US-DE,11570 SIXTH STREET,RANCHO CUCAMONGA,CA,91730,91730,850 NEW BURTON ROAD SUITE 201,DOVER,US-DE,19904,US,AMPH,,,
SEC has no state of incorporation,0001428205,"Armour Residential REIT, Inc.","ARMOUR RESIDENTIAL REIT, INC.",549300K0WA0EJUX74V72,ISSUED,,US-MD,3001 OCEAN DRIVE SUITE 201,VERO BEACH,FL,32963,32963,7 ST. PAUL STREET SUITE 820,BALTIMORE,US-MD,21202,US,ARR ARR-PC,,,
SEC has no state of incorporation,0001515156,"Arq, Inc.","ARQ, INC.",52990086HRJSW2EZQH40,LAPSED,,US-DE,"8051 E. MAPLEWOOD AVE., STE 210",GREENWOOD VILLAGE,CO,80111,80111,"640 Plaza Drive, Suite 270",Highlands Ranch,US-CO,80129,US,ARQ,"Advanced Emissions Solutions, Inc.",,
SEC has no state of incorporation,0001600620,Aurinia Pharmaceuticals Inc.,Aurinia Pharmaceuticals Inc.,5299008YP2BW4570ML28,LAPSED,,CA-BC,"#140, 14315 - 118 AVENUE",EDMONTON,A0,T5L 4S6,T5L 4S6,Suite 1203-4464 Markham Street,Victoria,CA-BC,V8Z 7X8,CA,AUPH,,,
SEC has no state of incorporation,0001772016,"BELLRING BRANDS, INC.","BELLRING BRANDS, INC.",549300S3BOK5CMTS8054,ISSUED,,US-DE,"1 N. BRENTWOOD BOULEVARD, SUITE 1550",CLAYTON,MO,63105,63105,2503 S. HANLEY ROAD,ST. LOUIS,US-MO,63144,US,BRBR,,,
SEC has no state of incorporation,0001786352,"BILL Holdings, Inc.","BILL HOLDINGS, INC.",549300IBF9VZZIGOZW63,LAPSED,,US-DE,6220 AMERICA CENTER DR. SUITE 100,SAN JOSE,CA,95002,95002,3500 S DUPONT HWY,DOVER,US-DE,19901,US,BILL,"BILL Holdings, Inc. | Bill.com Holdings, Inc.",,
SEC has no state of incorporation,0001071438,BRASKEM SA,BRASKEM S.A,549300RPMQUFGBB7EY44,ISSUED,,BR,RUA ETENO NO 1561,CAMACARI BAHIA BRAZI,D5,00000000,00000000,"24 Andar Edificio Odebrecht Rua Lemos Monteiro, 120",Sao Paulo,BR-SP,05501-050,BR,BAK,BRASKEM SA | COPENE PETROQUIMICA DO NORDESTE SA,,
SEC has no state of incorporation,0000913059,Banco BBVA Argentina S.A.,BANCO BBVA ARGENTINA S.A.,579100KKDBKJFDKKD024,ISSUED,,AR,AV. CORDOBA 111,C1054AAA BUENOS AIRES,C1,,,111 Cordoba Av Piso 27,Buenos Aires,AR-C,C1054AAA,AR,BBAR,BBVA BANCO FRANCES SA | FRENCH BANK OF THE RIO DE LA PLATA,,
SEC has no state of incorporation,0001730168,Broadcom Inc.,BROADCOM INC.,549300WV6GIDOZJTV909,ISSUED,,US-DE,3421 HILLVIEW AVENUE,PALO ALTO,CA,94304,94304,1320 Ridder Park Drive,San Jose,US-CA,95131,US,AVGO,Broadcom Ltd,,
SEC has no state of incorporation,0000047288,"CAPITAL ONE, NATIONAL ASSOCIATION","Capital One, National Association",207ALC1P1YM0OVDV0K75,ISSUED,,US-VA,299 PARK AVENUE 31ST FLOOR,NEW YORK,NY,10017,10017,1680 Capital One Drive,McLean,US-VA,22102,US,,HIBERNIA NATIONAL BANK | HIBERNIA CORP,,
SEC has no state of incorporation,0001605301,"CB Financial Services, Inc.","CB FINANCIAL SERVICES, INC.",549300JEGYKCDOBSG664,ISSUED,,US-PA,100 NORTH MARKET STREET,CARMICHAELS,PA,15320,15320,2111 N FRANKLIN DR STE 200,WASHINGTON,US-PA,15301,US,CBFV,,,
SEC has no state of incorporation,0001168165,CONSTELLATION ENERGY GENERATION LLC,"Constellation Energy Generation, LLC",S2PEWKCZFFECR4533P43,ISSUED,,US-PA,200 ENERGY WAY,KENNETT SQUARE,PA,19348-2473,19348-2473,1310 Point Street,Baltimore,US-MD,21231,US,,EXELON GENERATION CO LLC,,
SEC has no state of incorporation,0001001290,CREDICORP LTD,CREDICORP LTD.,529900UYAEYQCQ2BKB17,ISSUED,,BM,"CLARENDON HOUSE, 2 CHURCH STREET P.O. BOX HM 666,",HAMILTON,D0,HM CX,HM CX,Calle Centenario 156 La Molina,Lima,PE-LMA,15026,PE,BAP,,,
SEC has no state of incorporation,0002013649,Chagee Holdings Ltd.,Chagee Holdings Limited,984500EBA7IRCB66FD03,ISSUED,,KY,"15/F, IFS BUILDING 2, HONGXING ROAD, JINJIANG DISTRICT, CHENGDU,",SICHUAN,F4,610000,610000,P. O. Box 309 Ugland House South Church Street,George Town,,KY1-1104,KY,CHA,,,
SEC has no state of incorporation,0001527762,Chaince Digital Holdings Inc.,Chaince Digital Holdings Inc.,254900M75P21DCNK3M90,ISSUED,,KY,"1330 AVENUE OF THE AMERICAS, FL 33,",NEW YORK,NY,10019,10019,P.O. Box 309 Ugland House Grand Cayman,George Town,,KY1-1104,KY,CD,Mercurity Fintech Holding Inc. | JMU Ltd | Wowo Ltd,,
SEC has no state of incorporation,0001159508,DEUTSCHE BANK AKTIENGESELLSCHAFT,DEUTSCHE BANK AKTIENGESELLSCHAFT,7LTWFZYICNSX8D621K86,ISSUED,,DE,"DEUTSCHE BANK AG - LEGAL DEPARTMENT 1 COLUMBUS CIRCLE, 19TH FLOOR",NEW YORK,NY,10019,10019,Taunusanlage 12,Frankfurt am Main,DE-HE,60325,DE,DB ADZCF DEENF DGP DGZ DZZ OLOXF,,,
SEC has no state of incorporation,0001318885,DIANA SHIPPING INC.,DIANA SHIPPING INC.,549300XD7FHNJ0THIV12,ISSUED,,MH,PENDELIS 16 175 64 PALAIO FALIRO,ATHENS,J3,00000,00000,"Trust Company Complex, Ajeltake Road",Ajeltake Island,MH-MAJ,96960,MH,DSX DSX-PB DSX-WT,,,
SEC has no state of incorporation,0001023512,DRDGOLD LTD,DRDGOLD Limited,529900Z0P3GRRN23MG34,LAPSED,,ZA,"CNR 14TH AVENUE AND HENDRIK POTGIETER RD CYCAD HOUSE, BUILDING 17, GROUND FLOOR",WELTEVREDEN PARK,T3,1709,1709,"1 Sixty Jan Smuts Building, 2nd Floor, North Tower, 160 Jan Smuts Avenue, Rosebank",Johannesburg,ZA-GP,2196,ZA,DRD DRDGF,DURBAN ROODEPOORT DEEP LTD,,
SEC has no state of incorporation,0001649744,DULUTH HOLDINGS INC.,Duluth Holdings Inc.,549300B6G8G3WGHFYU15,LAPSED,,US-WI,201 EAST FRONT STREET,MOUNT HOREB,WI,53572,53572,170 Countryside Drive,Belleville,US-WI,53508,US,DLTH,,,
SEC has no state of incorporation,0001125376,"ENSIGN GROUP, INC","The Ensign Group, Inc.",5493003K4HEEA8Q0BC72,LAPSED,,US-DE,29222 RANCHO VIEJO RD. SUITE 127,SAN JUAN CAPISTRANO,CA,92675,92675,160 Greentree Drive Suite 101,Dover,US-DE,19904,US,ENSG,,,
SEC has no state of incorporation,0001828318,Enovix Corp,ENOVIX CORPORATION,549300EC7NZGWORHYJ53,ISSUED,,US-DE,3501 W. WARREN AVENUE,FREMONT,CA,94538,94538,1521 CONCORD PIKE SUITE 201,WILMINGTON,US-DE,19803,US,ENVX,Rodgers Silicon Valley Acquisition Corp,,
SEC has no state of incorporation,0000897322,GILAT SATELLITE NETWORKS LTD,Gilat Satellite Networks Ltd.,529900RVHDCYJ5YWHP12,LAPSED,,IL,C/O GILAT SATELLITE NETWORKS INC 1651 OLD MEADOW RD,MCLEAN,VA,22102,00000,"Gilat House, 21 Yegia Kapayim Street, Daniv Park",Petah Tikva,IL-TA,49130,IL,GILT,,,
SEC has no state of incorporation,0001385613,"GREENLIGHT CAPITAL RE, LTD.","Greenlight Capital Re, Ltd.",549300Q9HRIFA2BGHJ51,ISSUED,,KY,"65 MARKET STREET, SUITE 1207, CAMANA BAY, P.O. BOX 31110",GRAND CAYMAN,E9,KY1-1205,KY1-1205,"CRICKET SQUARE, HUTCHINS DRIVE P. O. Box 2681",GEORGE TOWN,,KY1-1111,KY,GLRE,,,
SEC has no state of incorporation,0000912892,"GRUPO TELEVISA, S.A.B.",GRUPO TELEVISA S A B,549300O4AF0C816ILN62,ISSUED,,MX,AV VASCO DE QUIROGA 2000 COLONIA SANTA FE,"MEXICO, D.F.",O5,,,Avenida Vasco De Quiroga No 2000 Colonia Zedec Santa Fe,Mexico City,MX-CMX,01210,MX,TV GRPFF,GRUPO TELEVISA S A,,
SEC has no state of incorporation,0001795139,Green Thumb Industries Inc.,Green Thumb Industries Inc.,529900Q0L3K192QQY915,LAPSED,,CA-BC,325 WEST HURON STREET SUITE 700,CHICAGO,IL,60654,60654,"Suite 2200, HSBC Building, 885 West Georgia Street","Vancouver, BC",CA-ON,V6C 3E8,CA,GTBIF,,,
SEC has no state of incorporation,0001907223,Greenland Mines Ltd,GREENLAND MINES LTD.,254900IL9PV8PYIWAQ08,ISSUED,,US-DE,"13576 WALNUT STREET, SUITE A",OMAHA,NE,68144,68144,1300 South Boulevard Suite D,Charlotte,US-NC,28203,US,GRML GRMLW,"Klotho Neurosciences, Inc. | ANEW Medical, Inc. | Redwoods Acquisition Corp.",,
SEC has no state of incorporation,0001438569,Grifols SA,GRIFOLS S.A.,959800HSSNXWRKBK4N60,ISSUED,,ES,1585 BROADWAY SUITE 2376,NEW YORK,NY,10036,10036,Avenida de la Generalitat 152-158,Sant Cugat del Vallès,,08174,ES,GRFS GIFLF GIFOF GIKLY,,,
SEC has no state of incorporation,0001504764,Grupo Aval Acciones Y Valores S.A.,Grupo Aval Acciones Y Valores S.A.,549300BBUKBHWLSUZM17,LAPSED,,CO,CARRERA 13 NO. 26A - 47,Bogota D.C.,F8,00000,00000,Piso 23 Edificio Banco de Occidente Carrera 13 N 26A-47,Bogota,CO-DC,110311,CO,AVAL,,,
SEC has no state of incorporation,0002029471,Heidmar Maritime Holdings Corp.,HEIDMAR MARITIME HOLDINGS CORP.,984500497QJ544A67I48,ISSUED,,MH,AKTI MIAOULI 89,PIRAEUS,J3,18538,18538,Trust Company Complex Ajeltake Road,Ajeltake Island,MH-MAJ,96960,MH,HMR,,,
SEC has no state of incorporation,0001610601,Hello Group Inc.,Hello Group Inc.,549300YMGLID32W48529,ISSUED,,KY,"20/F, BLOCK B, TOWER 2, WANGJING SOHO NO.1 FUTONGDONG STREET,CHAOYANG DISTRICT",BEIJING,F4,,,P. O. Box 309 Ugland House South Church Street,George Town,,KY1-1104,KY,MOMO,Momo Inc. | Momo Technology Co Ltd,,
SEC has no state of incorporation,0001060955,ICON PLC,ICON Plc,6354008SRQGEMC4XFI67,LAPSED,,IE,SOUTH COUNTY BUSINESS PARK LEOPARDSTOWN,DUBLIN 18,L2,00000,00000,South County Business park Leopardstown,Dublin,IE-D,D18X5R3,IE,ICLR,ICON PLC  /ADR/,,
SEC has no state of incorporation,0001677576,INNOVATIVE INDUSTRIAL PROPERTIES INC,"INNOVATIVE INDUSTRIAL PROPERTIES, INC.",5493008BQ0545EZXRR30,LAPSED,,US-MD,1389 CENTER DRIVE SUITE 200,PARK CITY,UT,84098,84098,17190 Bernardo Center Drive,San Diego,US-CA,92128,US,IIPR IIPR-PA,,,
SEC has no state of incorporation,0001687229,Invitation Homes Inc.,INVITATION HOMES INC.,984500FE452E665C9F85,LAPSED,,US-MD,"5420 LBJ FREEWAY, SUITE 600",DALLAS,TX,75240,75240,7 ST. PAUL STREET SUITE 820,BALTIMORE,US-MD,21202,US,INVH,,,
SEC has no state of incorporation,0001530238,JOYY Inc.,JOYY INC.,549300N6CHVU5CQZPW24,ISSUED,,KY,30 PASIR PANJANG ROAD #15-31A,MAPLETREE BUSINESS CITY,U0,117440,117440,番禺区南村镇B-1栋,广州,CN-GD,511442,CN,JOYY,YY Inc.,,
SEC has no state of incorporation,0001159152,James Hardie Industries plc,James Hardie Industries Plc,635400NSGXKTVOO7JU45,LAPSED,,IE,"1ST FLOOR, BLOCK A ONE PARK PLACE, UPPER HATCH STREET",DUBLIN 2,L2,D02 FD79,D02 FD79,2nd Floor Europa House Harcourt Centre Harcourt Street Dublin 2,Dublin,IE-D,,IE,JHX JHIUF,JAMES HARDIE INDUSTRIES SE | JAMES HARDIE INDUSTRIES N.V. | HARDIE JAMES INDUSTRIES NV,,
SEC has no state of incorporation,0001432133,KALTURA INC,"KALTURA, INC.",254900WYME0NSA8DVA41,ISSUED,,US-DE,250 PARK AVENUE SOUTH 10TH FLOOR,NEW YORK,NY,10003,10003,2 Hayrkon street,Bnei Barak,IL-TA,5251003,IL,KLTR,,,
SEC has no state of incorporation,0001032975,LOGITECH INTERNATIONAL S.A.,LOGITECH INTERNATIONAL S.A.,549300SN6PRK6IJJC215,ISSUED,,CH,3930 NORTH FIRST STREET C/O LOGITECH INC,SAN JOSE,CA,95134,95134,EPFL- QUARTIER DE L'INNOVATION DANIEL BOREL INNOVATION CENTER,LAUSANNE,CH-VD,1015,CH,LOGI,LOGITECH INTERNATIONAL SA,,
SEC has no state of incorporation,0000849146,Lifevantage Corp,LifeVantage Corporation,5493001Z5YYT109QZ980,LAPSED,,US-DE,3300 TRIUMPH BLVD SUITE 700,LEHI,UT,84043,84043,9785 South Monroe Street Suite 400,Sandy,US-UT,84070,US,LFVN,"LIFELINE THERAPEUTICS, INC. | YAAK RIVER RESOURCES INC",,
SEC has no state of incorporation,0001287865,MEDICAL PROPERTIES TRUST INC,"MEDICAL PROPERTIES TRUST, INC.",254900U6E39J1MQCCY14,ISSUED,,US-MD,10500 LIBERTY PARKWAY,BIRMINGHAM,AL,,,SUITE 9E 11 EAST CHASE STREET,BALTIMORE,US-MD,21202,US,MPT,,,
SEC has no state of incorporation,0001802450,"MSP Recovery, Inc.","MSP RECOVERY, INC.",5299008GFVIJPGGFFV27,ISSUED,,US-DE,3150 SW 38TH AVENUE SUITE 1100,MIAMI,FL,33146,33146,"2701 S. Le Jeune Road, Floor 10",Coral Gables,US-FL,33134,US,MSPR,Lionheart Acquisition Corp. II | Lionheart Acquisition Corp.,,
SEC has no state of incorporation,0000900391,NATUZZI S P A,NATUZZI S.P.A.,815600CD168B21C00884,ISSUED,,IT,VIA IAZZITIELLO 47,SANTERAMO ITALY,L6,,,"VIA IAZZITIELLO, 47",SANTERAMO IN COLLE,IT-BA,70029,IT,NTZ,NATUZZI INDUSTRIES SPA,,
SEC has no state of incorporation,0001499543,NOAH HOLDINGS LTD,NOAH HOLDINGS LIMITED,3003008QW3IHPD3NTU41,ISSUED,,KY,NOAH WEALTH CENTER 1226 SHENBIN SOUTH ROAD MINHANG DISTRICT,SHANGHAI,F4,201107,201107,P. O. Box 309 Ugland House South Church Street,George Town,,KY1-1104,KY,NOAH,,,
SEC has no state of incorporation,0001000177,NORDIC AMERICAN TANKERS Ltd,NORDIC AMERICAN TANKERS LIMITED,213800W4T8AMPKIPIU94,ISSUED,,BM,SWAN BUILDING 26 VICTORIA STREET,HAMILTON HM12,D0,00000,00000,SWAN BUILDING 26 VICTORIA STREET,HAMILTON,,HM 12,BM,NAT,NORDIC AMERICAN TANKER SHIPPING LTD,,
SEC has no state of incorporation,0000353278,NOVO NORDISK A S,NOVO NORDISK A/S,549300DAQ1CVT6CXN342,ISSUED,,DK,NOVO ALLE DK 2880,BAGSVAERD DENMARK,G7,00000,00000,Novo Alle 1,Bagsværd,DK-84,2880,DK,NVO NONOF,,,
SEC has no state of incorporation,0001413447,NXP Semiconductors N.V.,NXP Semiconductors N.V.,724500M9BY5293JDF951,ISSUED,,NL,,,,,5656AG,High Tech Campus 60,Eindhoven,,5656AG,NL,NXPI,KASLION Acquisition B.V.,,
SEC has no state of incorporation,0001465470,NaturalShrimp Inc,Naturalshrimp Incorporated,549300YJ0SZXHGME4I49,LAPSED,,US-NV,1200 N FEDERAL HWY SUITE 200,BOCA RATON,FL,33432,33432,2068 North Valley Mills Road,Waco,US-TX,76710,US,,"MultiPlayer Online Dragon, Inc.",,
SEC has no state of incorporation,0001404644,Neurogene Inc.,NEUROGENE INC.,529900A7VIY892SZVW73,LAPSED,,US-DE,535 W 24TH STREET 5TH FLOOR,NEW YORK,NY,10011,10011,"188 East Blaine Street, Suite 450",Seattle,US-WA,98102,US,NGNE,"Neoleukin Therapeutics, Inc. | AQUINOX PHARMACEUTICALS, INC | AQUINOX PHARMACEUTICALS (USA) INC",,
SEC has no state of incorporation,0001645113,NovoCure Ltd,NOVOCURE LIMITED,213800YPP55UMHWA4826,ISSUED,,JE,NO. 4 THE FORUM GRENVILLE STREET,ST. HELIER,Y9,,,"2ND FLOOR, 4 THE FORUM GRENVILLE STREET",ST HELIER,,JE2 4UF,JE,NVCR,,,
SEC has no state of incorporation,0001849296,OKYO Pharma Ltd,OKYO PHARMA LIMITED,213800VVN5CB56Y15A05,LAPSED,,GG,55 PARK LANE,LONDON,X0,W1K 1NA,W1K 1NA,MARTELLO COURT ADMIRAL PARK,ST PETER PORT,,GY1 3HB,GG,OKYO,,,
SEC has no state of incorporation,0002012219,OMS Energy Technologies Inc.,OMS ENERGY TECHNOLOGIES INC.,2549000M18Z0L5YXYO51,ISSUED,,KY,10 GUL CIRCLE,SINGAPORE,U0,629566,629566,89 NEXUS WAY GRAND CAYMAN,CAMANA BAY,,KY1-9009,KY,OMSE,,,
SEC has no state of incorporation,0001577445,Odysight.ai Inc.,ODYSIGHT.AI INC.,549300FBP1ANSJE5TE25,ISSUED,,US-NV,"14201 N. HAYDEN ROAD, SUITE A-1",SCOTTSDALE,AZ,85260,85260,PO Box 3030; Suite 7A; Industrial Park,Omer,IL-D,8496500,IL,ODYS,ScoutCam Inc. | Intellisense Solutions Inc.,,
SEC has no state of incorporation,0000078150,PLDT Inc.,PLDT Inc.,254900ADE8GQHM5P2648,ISSUED,,PH,RAMON CONJUANGCO BLDG MAKATI AVE,MAKATI METRO MANILA,R6,,,Ramon Cojuangco Bldg. Makati Avenue,Makati City,,1200,PH,PHI PHTCF,PHILIPPINE LONG DISTANCE TELEPHONE CO,,
SEC has no state of incorporation,0000763901,"POPULAR, INC.","POPULAR, INC.",5493008CARDZMVQ3LO89,ISSUED,,PR,209 MUNOZ RIVERA AVE POPULAR CENTER BUILDING,HATO REY,PR,00918,00936-2708,Ave Munoz Rivera #209 5th Floor Popular Center Bldg,San Juan,,00918,PR,BPOP BPOPO BPOPM,POPULAR INC | BANPONCE CORP,,
SEC has no state of incorporation,0001321655,Palantir Technologies Inc.,PALANTIR TECHNOLOGIES INC.,549300UVN46B3BBDHO85,ISSUED,,US-DE,19505 BISCAYNE BOULEVARD SUITE 2350,AVENTURA,FL,33180,33180,1200 17th Street Floor 15,Denver,US-CO,80202,US,PLTR,Palantir Technologies Inc,,
SEC has no state of incorporation,0001828016,Playtika Holding Corp.,PLAYTIKA HOLDING CORP.,254900E35Z4TKA4UFG64,ISSUED,,US-DE,C/O PLAYTIKA LTD. HACHOSHLIM ST 8,HERZLIYA PITUARCH,L3,4672408,89052,2225 Village Walk Dr. Suite 240,Henderson,US-NV,89052,US,PLTK,,,
SEC has no state of incorporation,0001359931,"Protara Therapeutics, Inc.","PROTARA THERAPEUTICS, INC.",549300VWUGH3220TG273,LAPSED,,US-DE,345 PARK AVENUE SOUTH 3RD FLOOR,NEW YORK,NY,10010,10010,200 West Street,Waltham,US-MA,02451,US,TARA,"Protara Therapeutics, Inc. | ArTara Therapeutics, Inc. | PROTEON THERAPEUTICS INC",,
SEC has no state of incorporation,0001906324,QuidelOrtho Corp,QuidelOrtho Corporation,549300YU8CMO9HF53113,ISSUED,,US-DE,9975 SUMMERS RIDGE ROAD,SAN DIEGO,CA,92121,92121,838 WALKER ROAD SUITE 21-2,DOVER,US-DE,19904,US,QDEL,"Coronado Topco, Inc.",,
SEC has no state of incorporation,0001004724,"REGIONAL HEALTH PROPERTIES, INC","REGIONAL HEALTH PROPERTIES, INC.",5493009T8KN3W3IBE392,LAPSED,,US-GA,1050 CROWN POINTE PARKWAY SUITE 720,ATLANTA,GA,30338,30338,454 Satellite Boulevard Suite 100,Suwanee,US-GA,30024,US,RHEP RHEPA RHEPB RHEPZ,"ADCARE HEALTH SYSTEMS, INC | ADCARE HEALTH SYSTEMS INC",,
SEC has no state of incorporation,0000742278,RPC INC,"RPC, INC.",549300ZDXAFBC3SB4918,LAPSED,,US-FL,"2801 BUFORD HIGHWAY NE, SUITE 300",ATLANTA,GA,30329,30329,500 World Commerce Parkway,St. Augustine,US-FL,32092,US,RES,RPC ENERGY SERVICES INC,,
SEC has no state of incorporation,0001289877,SFL Corp Ltd.,SFL Corporation Ltd.,549300RLYYPSB0C7RH77,ISSUED,,BM,14 PAR-LA-VILLE ROAD,"HAMILTON, HM 08",D0,00000-0000,00000-0000,14 Par-La-Ville Road Par-La-Ville Place,Hamilton,,HM 08,BM,SFL,Ship Finance International LTD,,
SEC has no state of incorporation,0001479094,"STAG Industrial, Inc.","STAG INDUSTRIAL, INC.",549300QWYX2W6FASVQ07,ISSUED,,US-MD,ONE FEDERAL STREET 23RD FLOOR,BOSTON,MA,02110,02110,2405 YORK ROAD SUITE 201,LUTHERVILLE TIMONIUM,US-MD,21093-2264,US,STAG,,,
SEC has no state of incorporation,0001465128,"STARWOOD PROPERTY TRUST, INC.","STARWOOD PROPERTY TRUST, INC.",BUGSFQZERKRBFWIG5267,ISSUED,,US-MD,2340 COLLINS AVENUE SUITE 700,MIAMI BEACH,FL,33139,33139,7 ST. PAUL STREET SUITE 820,BALTIMORE,US-MD,21202,US,STWD,,,
SEC has no state of incorporation,0001758766,"STEM, INC.","STEM, INC.",549300GVWIYFILN5V546,LAPSED,,US-DE,"1400 POST OAK BOULEVARD, SUITE 560",HOUSTON,TX,77056,77056,"100 California Street, 14th Floor",San Francisco,US-CA,94111,US,STEM,Star Peak Energy Transition Corp. | Star Peak Energy Acquisition Corp.,,
SEC has no state of incorporation,0001368458,"Sally Beauty Holdings, Inc.","SALLY BEAUTY HOLDINGS, INC.",529900VXW6E8ONDIQ271,LAPSED,,US-DE,7900 WINDROSE AVENUE,PLANO,TX,75024,75024,3001 Colorado Boulevard,Denton,US-TX,76210,US,SBH,"Sally Beauty Holdings, Inc. | New Sally Holdings, Inc.",,
SEC has no state of incorporation,0001483934,Scorpio Tankers Inc.,SCORPIO TANKERS INC.,549300NVJUH16NXG8K87,ISSUED,,MH,L'EXOTIQUE 99 BOULEVARD JARDIN EXOTIQUE,MONACO,O9,98000,98000,TRUST COMPANY COMPLEX AJELTAKE ROAD,AJELTAKE ISLAND,MH-MAJ,96960,MH,STNG,,,
SEC has no state of incorporation,0002019103,Solaris Resources Inc.,SOLARIS RESOURCES INC.,5299009LFMB5N4PVVZ93,ISSUED,,CA-BC,NEUHOFSTRASSE 5A,BAAR,V8,6340,6340,"999 Canada Place, Suite 555",Vancouver,CA-BC,V6C 3E1,CA,SLSR,,,
SEC has no state of incorporation,0001500305,Sustainable Projects Group Inc.,Sustainable Projects Group Inc.,529900I20W7W9LUGUM08,LAPSED,,US-NV,"2316 PINE RIDGE ROAD, 383",NAPLES,FL,34109,34109,Tankedraget 7,Aalborg,DK-81,9000,DK,,Sustainable Petroleum Group Inc. | Blue Spa Inc,,
SEC has no state of incorporation,0001494413,Two Hands Corp,Two Hands Corporation,5493000EDVUUQV4E4K09,LAPSED,,US-DE,141 PIPING ROCK ROAD,LOCUST VALLEY,NY,11560,11560,730 Gana Court,Mississauga,CA-ON,L5S 1P1,CA,TWOH,Innovative Product Opportunities Inc.,,
SEC has no state of incorporation,0000217410,UNILEVER PLC,UNILEVER PLC,549300MKFYEKVRWML317,ISSUED,,GB,UNILEVER HOUSE 100 VICTORIA EMBANKMENT,LONDON,X0,EC4Y 0DY,EC4Y 0DY,PORT SUNLIGHT,LIVERPOOL,GB-WRL,CH62 4ZD,GB,UL UNLYF,,,
SEC has no state of incorporation,0001522727,"USA Compression Partners, LP","USA COMPRESSION PARTNERS, LP",5493000B1PEOKXRZEO65,LAPSED,,US-DE,8115 PRESTON ROAD SUITE 700,DALLAS,TX,,,111 CONGRESS AVENUE,AUSTIN,US-TX,78703,US,USAC,,,
SEC has no state of incorporation,0000783324,VISTA GOLD CORP,Vista Gold Corp,5493002WCFTLKVBI8D48,LAPSED,,US-CO,"8310 S. VALLEY HWY, SUITE 300",ENGLEWOOD,CO,80112,80112,7961 Shaffer Parkway #5,Littleton,US-CO,80127,US,VGZ,GRANGES INC,,
SEC has no state of incorporation,0001376231,"VPR Brands, LP.","VPR Brands, LP",549300EO4C00V3HNZU26,LAPSED,,US-DE,,,,,33323,725 WEST 50TH STREET SUITE 105,MIAMI BEACH,US-FL,33140,US,VPRB,"Soleil Capital L.P. | JobsInSite, Inc.",,
SEC has no state of incorporation,0001706946,"Virgin Galactic Holdings, Inc","VIRGIN GALACTIC HOLDINGS, INC.",549300C631IMXCSMN048,LAPSED,,US-DE,1700 FLIGHT WAY,TUSTIN,CA,92782,92782,166 North Roadrunner Parkway Suite 1C,Las Cruces,US-NM,88011,US,SPCE,Social Capital Hedosophia Holdings Corp.,,
SEC has no state of incorporation,0001398453,"Xinyuan Real Estate Co., Ltd.","Xinyuan Real Estate Co., Ltd.",5493005I1X3PG0G3GC95,LAPSED,,KY,"27/F, CHINA CENTRAL PLACE, TOWER II 79 JIANGUO ROAD, CHAOYANG DISTRICT",BEIJING,F4,10025,10025,"Lippo Leighton Tower, 103 Leighton Road","Causeway Bay, Hong Kong",,,HK,,Xinyuan Real Estate Co Ltd,,
SEC has no state of incorporation,0001677250,ZTO Express (Cayman) Inc.,ZTO EXPRESS (CAYMAN) INC.,549300SCJPK3YZJTJR78,ISSUED,,KY,"BUILDING ONE, NO. 1685 HUAZHI ROAD QINGPU DISTRICT",SHANGHAI,F4,201708,201708,PO Box 309 Ugland House Grand Cayman,George Town,,KY1-1104,KY,ZTO ZTOEF,,,
SEC has no state of incorporation; GLEIF HQ is a registered-agent address,0000945617,"American Cannabis Company, Inc.","American Cannabis Company, Inc.",5493001LNSR3I4WYP589,LAPSED,,US-DE,200 UNION ST. SUITE 200,LAKEWOOD,CO,80228,80228,C/O Delaware Corporations LLC PO Box 8702 800 Delaware Avenue,Wilmington,US-DE,19801,US,,"Brazil Interactive Media, Inc. | NATUREWELL INC | LA JOLLA DIAGNOSTICS INC",,
SEC has no state of incorporation; GLEIF HQ is a registered-agent address,0001824502,Archer Aviation Inc.,ARCHER AVIATION INC.,529900UGYVU0KY2RLD83,ISSUED,,US-DE,190 WEST TASMAN DRIVE,SAN JOSE,CA,95134,95134,"c/o CORPORATION SERVICE COMPANY, 251 LITTLE FALLS DRIVE",WILMINGTON,US-DE,19808,US,ACHR ACHR-WT,Atlas Crest Investment Corp.,,
SEC has no state of incorporation; GLEIF HQ is a registered-agent address,0001650372,Atlassian Corp,ATLASSIAN CORPORATION,549300V7ZY5P02D2MY38,ISSUED,,US-DE,350 BUSH STREET FLOOR 13,SAN FRANCISCO,CA,94104,94104,C/O CORPORATION SERVICE COMPANY 251 LITTLE FALLS DRIVE,WILMINGTON,US-DE,19808,US,TEAM,Atlassian Corp Plc,,
SEC has no state of incorporation; GLEIF HQ is a registered-agent address,0001921963,Atmus Filtration Technologies Inc.,ATMUS FILTRATION TECHNOLOGIES INC.,529900LQIM2HCG8LM938,ISSUED,,US-DE,26 CENTURY BOULEVARD SUITE 500,NASHVILLE,TN,37214,37214,"c/o CORPORATION SERVICE COMPANY, 251 LITTLE FALLS DRIVE",WILMINGTON,US-DE,19808,US,ATMU,"FILT Red, Inc.",,
SEC has no state of incorporation; GLEIF HQ is a registered-agent address,0001527636,Autohome Inc.,Autohome Inc.,529900NYB6ZGZN3MVT56,LAPSED,,KY,"18TH FLOOR TOWER B, CEC PLAZA 3 Dan Ling Street, Haidian District",BEIJING,F4,,,"c/o FFP (Cayman) Limited, 2nd Floor, Harbour Centre, 42 North Church Street",George Town,,KY1-9006,KY,ATHM,,,
SEC has no state of incorporation; GLEIF HQ is a registered-agent address,0001388430,"CAI International, Inc.","CAI INTERNATIONAL, INC.",549300XR4I3ZRKKVBZ43,ISSUED,,US-DE,,,,,94105,251 LITTLE FALLS DRIVE,WILMINGTON,US-DE,19808,US,,,,
SEC has no state of incorporation; GLEIF HQ is a registered-agent address,0000932695,CHINA YUCHAI INTERNATIONAL LTD,CHINA YUCHAI INTERNATIONAL LIMITED,529900DHISUGAY2ARU76,LAPSED,,BM,16 RAFFLES QUAY #26-00 HONG LEONG BUILDING,SINGAPORE,U0,048581,048581,"c/o CONYERS, DILL & PEARMAN, 2 Clarendon House, Church Street",Hamilton,,HM 11,BM,CYD,,,
SEC has no state of incorporation; GLEIF HQ is a registered-agent address,0001058090,CHIPOTLE MEXICAN GRILL INC,"CHIPOTLE MEXICAN GRILL, INC.",529900REP5VGTPCP1J71,ISSUED,,US-DE,610 NEWPORT CENTER DR SUITE 1100,NEWPORT BEACH,CA,92660,92660,"c/o CORPORATION SERVICE COMPANY, 251 LITTLE FALLS DRIVE",WILMINGTON,US-DE,19808,US,CMG,,,
SEC has no state of incorporation; GLEIF HQ is a registered-agent address,0001061983,CYTOKINETICS INC,"CYTOKINETICS, INCORPORATED",549300BE5DY1HW7IHA64,LAPSED,,US-DE,350 OYSTER POINT BOULEVARD .,SOUTH SAN FRANCISCO,CA,94080,94080,251 LITTLE FALLS DRIVE,WILMINGTON,US-DE,19808,US,CYTK,,,
SEC has no state of incorporation; GLEIF HQ is a registered-agent address,0001538849,CrossAmerica Partners LP,CROSSAMERICA PARTNERS LP,549300OUUC900EVOGX10,LAPSED,,US-DE,645 HAMILTON STREET SUITE 400,ALLENTOWN,PA,18101,18101,CORPORATION TRUST CENTER 1209 ORANGE ST,WILMINGTON,US-DE,19801,US,CAPL,Lehigh Gas Partners LP,,
SEC has no state of incorporation; GLEIF HQ is a registered-agent address,0000946936,DESWELL INDUSTRIES INC,"DESWELL INDUSTRIES, INC.",529900C4GZKVGSEF2O27,LAPSED,,VG,10B EDIFICIO ASSOCIACAO INDUSTRIAL MACAU 32 RUA DO COMANDANTE MATA E OLIVEIRA,MACAO,N5,,,"c/o Harneys Corporate Services Limited, P.O. Box 71, Craigmuir Chambers",Road Town,,VG1110,VG,DSWL,,,
SEC has no state of incorporation; GLEIF HQ is a registered-agent address,0000866439,"DarkPulse, Inc.","DARKPULSE, INC.",549300LUXIV4VIMZIF43,LAPSED,,US-DE,2325 E CAMELBACK RD SUITE 400,PHOENIX,AZ,85016,85016,CORPORATION TRUST CENTER 1209 ORANGE ST,WILMINGTON,US-DE,19801,US,DPLS,KLEVER MARKETING INC,,
SEC has no state of incorporation; GLEIF HQ is a registered-agent address,0001861974,ECARX Holdings Inc.,ECARX Holdings Inc.,52990069BMNV7U0HPL62,ISSUED,,KY,"16/F, TOWER 2 CHINA EASTERN AIRLINES BINJIANG CENTER",SHANGHAI,F4,200030,200030,"c/o MAPLES CORPORATE SERVICES LIMITED, P. O. Box 309, Ugland House, South Church Street",George Town,,KY1-1104,KY,ECX ECXWW,,,
SEC has no state of incorporation; GLEIF HQ is a registered-agent address,0001341170,EUROSEAS LTD.,EUROSEAS LTD.,213800ADWWZOFC9KU444,ISSUED,,MH,4 MESSOGIOU & EVROPIS STREET,151 25 MAROUSSI,J3,00000,00000,C/O EUROBULK LTD MESSOGIOU THALLASIS 4 & EVROPIS,MAROUSI,GR-I,151 24,GR,ESEA,,,
SEC has no state of incorporation; GLEIF HQ is a registered-agent address,0001690080,FORUM MARKETS Inc,"FORUM MARKETS, INCORPORATED",98450063A2D8EF54EB11,LAPSED,,US-DE,2875 SOUTH OCEAN BLVD SUITE 200,PALM BEACH,FL,,,251 LITTLE FALLS DRIVE,WILMINGTON,US-DE,19808,US,FRMM,ETHZilla Corp | 180 Life Sciences Corp. | KBL MERGER CORP. IV,,
SEC has no state of incorporation; GLEIF HQ is a registered-agent address,0002035149,Flowco Holdings Inc.,FLOWCO HOLDINGS INC.,529900837MXVPIR9FZ68,ISSUED,,US-DE,10370 RICHMOND AVE. SUITE 1325,HOUSTON,TX,77042,77042,"c/o CORPORATION SERVICE COMPANY, 251 LITTLE FALLS DRIVE",WILMINGTON,US-DE,19808,US,FLOC,,,
SEC has no state of incorporation; GLEIF HQ is a registered-agent address,0001965040,Fortrea Holdings Inc.,FORTREA HOLDINGS INC.,5493000FIVFABOVCDU97,ISSUED,,US-DE,8 MOORE DRIVE,DURHAM,NC,27709,27709,C/O CORPORATION SERVICE COMPANY 251 LITTLE FALLS DRIVE,WILMINGTON,US-DE,19808,US,FTRE,Silver Spinco Inc.,,
SEC has no state of incorporation; GLEIF HQ is a registered-agent address,0001336920,"Leidos Holdings, Inc.","LEIDOS HOLDINGS, INC.",549300IUTGTP6EJP8124,ISSUED,,US-DE,1750 PRESIDENTS STREET,RESTON,VA,20190,20190,Corporation Trust Center 1209 Orange Street,Wilmington,US-DE,19801,US,LDOS,"SAIC, Inc.",,
SEC has no state of incorporation; GLEIF HQ is a registered-agent address,0001523836,"LightInTheBox Holding Co., Ltd.","LightInTheBox Holding Co., Ltd.",5493003DZYU05P53HU52,LAPSED,,KY,4 PANDAN CRESCENT #03-03 LOGOS EHUB,SINGAPORE,U0,0000,0000,C/O Offshore Incorporations (Cayman) Limited PO Box 2804 4th Floor Scotia Centre,George Town,,KY1-1112,KY,LITB,,,
SEC has no state of incorporation; GLEIF HQ is a registered-agent address,0001285785,MOSAIC CO,THE MOSAIC COMPANY,2YD5STGSJNMUB7H76907,ISSUED,,US-DE,101 EAST KENNEDY BLVD. SUITE 2500,TAMPA,FL,33602,33602,CORPORATION SERVICES COMPANY 251 LITTLE FALLS DRIVE,WILMINGTON,US-DE,19808,US,MOS,GLOBAL NUTRITION SOLUTIONS INC,,
SEC has no state of incorporation; GLEIF HQ is a registered-agent address,0001578732,"Marcus & Millichap, Inc.","MARCUS & MILLICHAP, INC.",549300B2HE8ULXNB1N48,LAPSED,,US-DE,23975 PARK SORRENTO SUITE 400,CALABASAS,CA,91302,91302,"C/O National Registered Agents, Inc. 160 Greentree Drive Suite 101",Dover,US-DE,19904,US,MMI,,,
SEC has no state of incorporation; GLEIF HQ is a registered-agent address,0001842279,OPAL Fuels Inc.,OPAL FUELS INC.,529900ATA8EX6J0VUZ84,ISSUED,,US-DE,"200 CLARENDON STREET, 55TH FLOOR",BOSTON,MA,02116,02116,"c/o CORPORATION SERVICE COMPANY, 251 LITTLE FALLS DRIVE",WILMINGTON,US-DE,19808,US,OPAL,ArcLight Clean Transition Corp. II,,
SEC has no state of incorporation; GLEIF HQ is a registered-agent address,0001633917,"PayPal Holdings, Inc.","PAYPAL HOLDINGS, INC.",5493005X2GO78EFZ3E94,ISSUED,,US-DE,2211 NORTH FIRST STREET,SAN JOSE,CA,95131,95131,CORPORATION TRUST CENTER 1209 ORANGE ST,WILMINGTON,US-DE,19801,US,PYPL,,,
SEC has no state of incorporation; GLEIF HQ is a registered-agent address,0001509646,Phoenix New Media Ltd,Phoenix New Media Limited,529900QQ1GX85WOUID50,LAPSED,,KY,"SINOLIGHT PLAZA, FL.16, NO.4 QIYANG RD., WANGJING, CHAOYANG DISTRICT",Beijing,F4,100102,100102,"c/o CONYERS TRUST COMPANY (CAYMAN) LIMITED, CRICKET SQUARE, HUTCHINS DRIVE, P. O. Box 2681",Grand Cayman,,KY1-1111,KY,FENG,,,
SEC has no state of incorporation; GLEIF HQ is a registered-agent address,0001819810,Redwire Corp,REDWIRE CORPORATION,5299003GVI811TBDK812,ISSUED,,US-DE,"8226 PHILIPS HIGHWAY, SUITE 101",JACKSONVILLE,FL,32256,32256,"c/o THE CORPORATION TRUST COMPANY, CORPORATION TRUST CENTER 1209 ORANGE ST",WILMINGTON,US-DE,19801,US,RDW,Genesis Park Acquisition Corp.,,
SEC has no state of incorporation; GLEIF HQ is a registered-agent address,0001824403,"Reservoir Media, Inc.","RESERVOIR MEDIA, INC.",549300PHPDQ9M9QSNU18,LAPSED,,US-DE,"200 VARICK STREET, SUITE 801",NEW YORK,NY,10014,10014,251 LITTLE FALLS DRIVE,WILMINGTON,US-DE,19808,US,RSVR,Roth CH Acquisition II Co,,
SEC has no state of incorporation; GLEIF HQ is a registered-agent address,0001384905,"RingCentral, Inc.","RINGCENTRAL, INC.",549300C8EH0H1614VE84,ISSUED,,US-DE,20 DAVIS DRIVE,BELMONT,CA,94002,94002,CORPORATION TRUST CENTER 1209 ORANGE ST,WILMINGTON,US-DE,19801,US,RNG,RingCentral Inc,,
SEC has no state of incorporation; GLEIF HQ is a registered-agent address,0001819142,SES AI Corp,SES AI CORPORATION,529900HSCKUBL8K4K759,ISSUED,,US-DE,35 CABOT RD.,WOBURN,MA,01801,01801,"c/o THE CORPORATION TRUST COMPANY, CORPORATION TRUST CENTER 1209 ORANGE ST",WILMINGTON,US-DE,19801,US,SES SESCW,SES AI Corp | Ivanhoe Capital Acquisition Corp.,,
SEC has no state of incorporation; GLEIF HQ is a registered-agent address,0001023459,"Simulations Plus, Inc.","SIMULATIONS PLUS, INC.",529900KYRDJAQ8TJCG93,ISSUED,,US-CA,"600 PARK OFFICES DRIVE, SUITE 300 #4134",DURHAM,NC,27713,27713,"c/o CSC - LAWYERS INCORPORATING SERVICE, 2710 Gateway Oaks Drive, Suite 150N",Sacramento,US-CA,95833,US,SLP,SIMULATIONS PLUS INC,,
SEC has no state of incorporation; GLEIF HQ is a registered-agent address,0001682745,VERRA MOBILITY Corp,VERRA MOBILITY CORPORATION,549300XX5EKGLR0M4152,LAPSED,,US-DE,2046 RIVERVIEW AUTO DRIVE SUITE 300,MESA,AZ,,,CORPORATION TRUST CENTER 1209 ORANGE ST,WILMINGTON,US-DE,19801,US,VRRM,"Gores Holdings II, Inc.",,
SEC has no state of incorporation; GLEIF HQ is a registered-agent address,0001856437,Victoria's Secret & Co.,VICTORIA'S SECRET & CO.,5493006T3O70U3UWVF17,ISSUED,,US-DE,4 LIMITED PARKWAY EAST,REYNOLDSBURG,OH,43068,43068,CORPORATION TRUST CENTER 1209 ORANGE ST,WILMINGTON,US-DE,19801,US,VSXY,Victorias Secret & Co,,
SEC has no state of incorporation; GLEIF HQ is a registered-agent address,0001510593,Xunlei Ltd,Xunlei Limited,529900PYSOIKBMQIQY91,LAPSED,,KY,"3709 BAISHI ROAD, NANSHAN DISTRICT",SHENZHEN,F4,518000,518000,"c/o MAPLES CORPORATE SERVICES LIMITED, P. O. Box 309, Ugland House, South Church Street",George Town,,KY1-1104,KY,XNET,,,
SEC has no state of incorporation; GLEIF HQ is a registered-agent address; same city,0001100682,"CHARLES RIVER LABORATORIES INTERNATIONAL, INC.","CHARLES RIVER LABORATORIES INTERNATIONAL, INC.",549300BSQ0R4UZ5KX287,ISSUED,,US-DE,251 BALLARDVALE ST,WILMINGTON,MA,01887,01887,251 LITTLE FALLS DRIVE,WILMINGTON,US-DE,19808,US,CRL,CHARLES RIVER LABORATORIES INTERNATIONAL INC | CHARLES RIVER LABORATORIES HOLDINGS INC,,
SEC has no state of incorporation; SEC name ends /DE; GLEIF HQ is a registered-agent address,0002013745,"Calumet, Inc. /DE","CALUMET, INC.",529900E014J6I18H3V27,ISSUED,,US-DE,1060 N CAPITOL AVE SUITE 6-401,INDIANAPOLIS,IN,46204,46204,"c/o THE CORPORATION TRUST COMPANY, CORPORATION TRUST CENTER 1209 ORANGE ST",WILMINGTON,US-DE,19801,US,CLMT,,,
SEC has no state of incorporation; SEC name ends /DE; GLEIF HQ is a registered-agent address,0001133421,NORTHROP GRUMMAN CORP /DE/,NORTHROP GRUMMAN CORPORATION,RIMU48P07456QXSO0R61,LAPSED,,US-DE,2980 FAIRVIEW PARK DRIVE C/O NORTHROP GRUMMAN CORP,FALLS CHURCH,VA,22042,22042,C/O The Corporation Trust Company Corporation Trust Center 1209 Orange Street,Wilmington,US-DE,19801,US,NOC,NNG INC,,
SEC has no state of incorporation; SEC name ends /DE; GLEIF HQ is a registered-agent address,0000816761,TERADATA CORP /DE/,TERADATA CORPORATION,549300JU9SOUHV4U4R71,ISSUED,,US-DE,17095 VIA DEL CAMPO,SAN DIEGO,CA,92127,92127,C/O THE CORPORATION TRUST COMPANY CORPORATION TRUST CENTER 1209 ORANGE ST,WILMINGTON,US-DE,19801,US,TDC,TERADATA CORP /DE/,,
SEC has no state of incorporation; same city,0001175596,AMARC RESOURCES LTD,Amarc Resources Ltd.,894500CGO6JYCUH3M189,ISSUED,,CA-BC,15TH FLOOR 1040 WEST GEORGIA STREET,VANCOUVER,A1,,,14th Floor 1040 W. Georgia St.,Vancouver,,V6E 4H1,CA,AXREF,,,
SEC has no state of incorporation; same city,0001508478,Arcos Dorados Holdings Inc.,Arcos Dorados Holdings Inc.,54930023P2MIZN13DQ85,ISSUED,,VG,"RIO NEGRO 1338, FIRST FLOOR",MONTEVIDEO,X3,11300,11300,Río Negro 1338 WTC Free Zone,Montevideo,UY-MO,11100,UY,ARCO,,,
SEC has no state of incorporation; same city,0001835856,Better Home & Finance Holding Co,Better Home & Finance Holding Company,529900VAMR5CW7WS5H57,LAPSED,,US-DE,"1 WORLD TRADE CENTER, 285 FULTON ST FLR 80, SUITE A",NEW YORK,NY,,,"3 World Trade Center,175 Greenwich Street, 57th Floor",New York,US-NY,10007,US,BETR BETRW,Aurora Acquisition Corp.,,
SEC has no state of incorporation; same city,0001406666,"CALIX, INC","CALIX, INC.",5299002RQRZ4SXSCSJ58,ISSUED,,US-DE,"3155 OLSEN DRIVE, SUITE 450",SAN JOSE,CA,95117,95117,2777 Orchard Parkway,San Jose,US-CA,95134,US,CALX,CALIX NETWORKS INC,,
SEC has no state of incorporation; same city,0001309082,"CAMBER ENERGY, INC.","CAMBER ENERGY, INC.",549300UU08PK14MMKL57,LAPSED,,US-NV,15915 KATY FREEWAY SUITE 450,HOUSTON,TX,77094,77094,450 Gears Road Suite 860,Houston,US-TX,77067,US,CEIN,"LUCAS ENERGY, INC. | Panorama Investments Corp",,
SEC has no state of incorporation; same city,0001009001,CAMECO CORP,CAMECO CORPORATION,N4BHALMXL3GMZKCUON55,ISSUED,,CA-SK,2121 11TH ST W,SASKATOON,Z4,,,2121 11TH STREET W,SASKATOON,CA-SK,S7M 1J3,CA,CCJ,,,
SEC has no state of incorporation; same city,0001035983,COMFORT SYSTEMS USA INC,"COMFORT SYSTEMS USA, INC.",5299009DT1ZA5HTU6R38,ISSUED,,US-DE,9753 KATY FREEWAY SUITE 700,HOUSTON,TX,77024,77024,675 Bering Dr. Suite 400,Houston,US-TX,77057,US,FIX,COMFORT SYSTEMS USA INC,,
SEC has no state of incorporation; same city,0000766011,Caledonia Mining Corp Plc,CALEDONIA MINING CORPORATION PLC,21380093ZBI4BFM75Y51,ISSUED,,JE,2 MULCASTER STREET,ST HELIER,X0,JE2 3NJ,JE2 3NJ,2 MULCASTER STREET,ST HELIER,,JE2 3NJ,JE,CMCL,CALEDONIA MINING CORP,,
SEC has no state of incorporation; same city,0001334978,"Clear Channel Outdoor Holdings, Inc.","CLEAR CHANNEL OUTDOOR HOLDINGS, INC.",254900XBEE6V1ENYS150,ISSUED,,US-DE,"4830 NORTH LOOP 1604W, SUITE 111",SAN ANTONIO,TX,78249,78249,20880 Stone Oak Pkwy,San Antonio,US-TX,78258,US,CCO,,,
SEC has no state of incorporation; same city,0001598110,CyberArk Software Ltd.,CyberArk Software Ltd.,529900YEXNDM894PWS93,ISSUED,,IL,"9 HAPSAGOT ST. PARK OFER B, P.O. BOX 3143",PETACH-TIKVA,L3,,,"9 Hapsagot St. Park Ofer 2, P.O. Box 3143",Petach-Tikva,,4951040,IL,,Cyber-Ark Software Ltd.,,
SEC has no state of incorporation; same city,0001298946,DiamondRock Hospitality Co,DIAMONDROCK HOSPITALITY COMPANY,529900KKD4BPVBUAQ734,ISSUED,,US-MD,7373 WISCONSIN AVENUE SUITE 1900,BETHESDA,MD,,,7373 Wisconsin Ave Ste 1900,Bethesda,US-MD,20814,US,DRH,,,
SEC has no state of incorporation; same city,0001127248,EMERA INC,EMERA INCORPORATED,NQZVQT2P5IUF2PGA1Q48,ISSUED,,CA-NS,"1223 LOWER WATER ST., B-6TH FLOOR P.O. BOX 910",HALIFAX,A5,B3J 3S8,B3J 3S8,PO BOX 910,HALIFAX,CA-NS,B3J 2W5,CA,EMA ERRAF EMICF EMRJF,,,
SEC has no state of incorporation; same city,0001434316,FATE THERAPEUTICS INC,"Fate Therapeutics, Inc.",549300L14Q4UHOODLA90,LAPSED,,US-DE,12278 SCRIPPS SUMMIT DRIVE,SAN DIEGO,CA,92131,92131,3535 General Atomics Court Suite 200,San Diego,US-CA,92121,US,FATE,,,
SEC has no state of incorporation; same city,0002014254,FST Corp.,FST Corp.,529900S66W00IHM2SQ10,ISSUED,,KY,"NO. 3, GONGYE 1ST RD., MINXIONG TOWNSHIP",CHIAYI COUNTY,F5,,,No 3 Gongye 1st Rd Minxiong Township,Chiayi County,TW-CYI,62101,TW,KBSX FSTWF,,,
SEC has no state of incorporation; same city,0002002045,GCL Global Holdings Ltd,GCL Global Holdings Ltd,648800JZWAL4A4QJ0R16,ISSUED,,KY,29 TAI SENG AVE. #2-01,SINGAPORE,U0,,,"29 Tai Seng Avenue, #02-01",Singapore,,534119,SG,GCL GCLWW,,,
SEC has no state of incorporation; same city,0001105101,GIGAMEDIA Ltd,GigaMedia Limited,549300Q31RWVWZKE4D67,LAPSED,,SG,"8F, NO. 22, LANE 407 SECTION 2 TIDING BLVD.",TAIPEI,F5,00000,00000,"8th Floor Section 2,22 Tiding Boulevard,Lane 407",Taipei,TW-TPE,114,TW,GIGM,,,
SEC has no state of incorporation; same city,0001323468,GLOBAL PARTNERS LP,GLOBAL PARTNERS LP,549300PCHWTW9P4DU444,ISSUED,,US-DE,"P.O. BOX 9161 800 SOUTH STREET, SUITE 500",WALTHAM,MA,02454,02454,800 SOUTH STREET SUITE 500,WALTHAM,US-MA,02453,US,GLP,,,
SEC has no state of incorporation; same city,0001517399,Grupo Supervielle S.A.,Grupo Supervielle S.A.,549300IQJL3KLZ3IYQ14,LAPSED,,AR,RECONQUISTA 330 C1003ABG,Buenos Aires,C1,00000,00000,Bartolome Mitre 434 Piso 5 Sureste,Buenos Aires,AR-C,1036,AR,SUPV,,,
SEC has no state of incorporation; same city,0001023514,HARMONY GOLD MINING CO LTD,Harmony Gold Mining Company Limited,378900986D05F0C29811,ISSUED,,ZA,RANDFONTEIN OFFICE PARK CAR MAIN REEF ROAD AND WARD AVENUE,RANDFONTEIN,T3,,,Randfontein Office Park Corner Main Reef Road and Ward Avenue,Randfontein,ZA-GP,1759,ZA,HMY HGMCF,,,
SEC has no state of incorporation; same city,0001615903,Intercorp Financial Services Inc.,INTERCORP FINANCIAL SERVICES INC.,5299004181WFTEWB1398,LAPSED,,PA,TORRE INTERBANK AV. CARLOS VILLAR?N 140 - LA VICTORIA,LIMA,R5,LIMA 13,LIMA 13,Avenida Carlos Villaran 140 17 Floor,Lima,PE-LIM,07026,PE,IFS,,,
SEC has no state of incorporation; same city,0001720250,"Kandi Technologies Group, Inc.","Kandi Technologies Group, Inc.",529900TXUELWMVI79005,LAPSED,,US-DE,JINHUA CITY INDUSTRIAL ZONE ZHEJIANG PROVINCE,JINHUA,F4,,,"Jinhua City Industrial Zone, Kandi Vehicle Centre, Zhejiang Province",Jinhua,CN-ZJ,F4 321016,CN,KNDI,,,
SEC has no state of incorporation; same city,0001492691,Knight-Swift Transportation Holdings Inc.,KNIGHT-SWIFT TRANSPORTATION HOLDINGS INC.,2549007VHKP3K6E1XF67,ISSUED,,US-DE,2200 SOUTH 75TH AVENUE,PHOENIX,AZ,85043,85043,2002 W. Wahalla Ln.,Phoenix,US-AZ,85027,US,KNX,SWIFT TRANSPORTATION Co | SWIFT TRANSPORTATION CO | SWIFT HOLDINGS CORP.,,
SEC has no state of incorporation; same city,0001047716,LATAM AIRLINES GROUP S.A.,LATAM AIRLINES GROUP S.A.,549300HX3UUDPEFTG707,ISSUED,,CL,PRESIDENTE RIESCO 5711 20TH FLOOR LAS CONDES,SANTIAGO,F3,,,Avenida Presidente Riesco 5711 Piso 19 Las Condes,Santiago,CL-RM,8320000,CL,LTM,Lan Airlines SA | LAN CHILE SA,,
SEC has no state of incorporation; same city,0001801169,Opendoor Technologies Inc.,OPENDOOR TECHNOLOGIES INC.,254900KX11YZ4HV5BQ47,ISSUED,,US-DE,"410 N. SCOTTSDALE ROAD, SUITE 1000",TEMPE,AZ,85288,85288,410 N. Scottsdale Road Suite 1600,Tempe,US-AZ,85281,US,OPEN OPENL OPENW OPENZ,Social Capital Hedosophia Holdings Corp. II,,
SEC has no state of incorporation; same city,0001665300,"Phunware, Inc.","PHUNWARE, INC.",549300HLAJYKT2FUQZ26,LAPSED,,US-DE,1002 WEST AVENUE,AUSTIN,TX,78701,78701,7800 Shoal Creek Boulevard Suite 230-S,Austin,US-TX,78757,US,PHUN,Stellar Acquisition III Inc.,,
SEC has no state of incorporation; same city,0001434754,"SAFE BULKERS, INC.","SAFE BULKERS, INC.",549300V6ZM2HJJYQQO85,ISSUED,,MH,"APT. D11, LES ACANTHES 6, AVENUE DES CITRONNIERS",MONACO,O9,MC98000,MC98000,APARTMENT D11 LES ACANTHES 6 AVENUE DES CITRONNIERS,MONACO,MC-MC,98000,MC,SB SB-PC SB-PD,,,
SEC has no state of incorporation; same city,0001333822,SemiLEDs Corp,SemiLEDs Corporation,529900YS0D419Q1GXX66,LAPSED,,US-DE,"3F, NO. 11 KE JUNG RD., CHU-NAN SITE HSINCHU SCIENCE PARK, MIAO-LI COUNTY",CHU-NAN,F5,350,350,"3F, No. 11 Ke Jung Road, Chu-Nan Site, Hsinchu Science Park",Chu-Nan,TW-MIA,F5 350,TW,LEDS,,,
SEC has no state of incorporation; same city,0001620533,Shake Shack Inc.,Shake Shack Inc.,529900J74GJAHYP80N79,LAPSED,,US-DE,225 VARICK STREET SUITE 301,NEW YORK,NY,10014,10014,"5th Floor, 24 Union Square East",New York,US-NY,10003,US,SHAK,,,
SEC has no state of incorporation; same city,0001796022,StepStone Group Inc.,STEPSTONE GROUP INC.,2549007I2AGBHI2F7C52,ISSUED,,US-DE,277 PARK AVENUE 45TH FLOOR,NEW YORK,NY,10172,10172,277 Park Ave 45th Floor,New York,US-NY,10028,US,STEP,,,
SEC has no state of incorporation; same city,0002094433,"Suncrete, Inc.","Suncrete, Inc.",529900Y2KD6L4M48GS97,ISSUED,,US-DE,521 E. 2ND STREET,TULSA,OK,,,817 E. 4th Street,Tulsa,US-OK,74120,US,RMIX,,,
SEC has no state of incorporation; same city,0000917851,Vale S.A.,VALE S.A.,254900SMTWBX7RU2SR20,ISSUED,,BR,"PRAIA DE BOTAFOGO, 186",RIO DE JANEIRO,D5,,,"PR BOTAFOGO, 00186 SAL 901 1101 1601 PARTE 1701 1801 BOTAFOGO",RIO DE JANEIRO,BR-RJ,22250-145,BR,VALE,Vale S.A. | Companhia Vale do Rio Doce | VALLEY OF THE RIO DOCE CO | VALLEY OF THE DOCE RIVER CO,,
SEC state of incorporation is DC; SEC name ends /DE; GLEIF HQ is a registered-agent address,0000006951,APPLIED MATERIALS INC /DE,"APPLIED MATERIALS, INC.",41BNNE1AFPNAZELZ6K07,ISSUED,DC,US-DE,3050 BOWERS AVE,SANTA CLARA,CA,95054-3299,95054-3299,Corporation Trust Center 1209 Orange Street,Wilmington,US-DE,19801,US,AMAT,,,
jurisdictions differ,0000835662,"AiXin Life International, Inc.","AiXin Life International, Inc.",549300XIW90IX3IR4140,LAPSED,CO,US-NV,"HONGXING INTL BUSINESS BUILDING 2, 14TH FLR, NO. 69, QINGYUN SOUVE AVE.,","JINJIANG DISTRICT,CHENGDU CITY",F4,610021,610021,4th Floor 1120 Avenue of the Americas,New York,US-NY,10036,US,AIXN,MERCARI COMMUNICATIONS GROUP LTD,,
jurisdictions differ,0001847345,"Aspire Biopharma Holdings, Inc.","Aspire Biopharma Holdings, Inc.",529900UC0AFER5IEH285,ISSUED,E9,US-DE,"23150 FASHION DRIVE, SUITE 232",ESTERO,FL,33928,33928,"194 Candelaro Drive, #233",Humacao,,00791,PR,ASBP ASBPW,PowerUp Acquisition Corp.,,
jurisdictions differ,0001718224,"BT Brands, Inc.","BT BRANDS, INC.",549300UBLN17SSQJQQ44,LAPSED,WY,US-DE,30 N GOULD ST STE 12358,SHERIDAN,WY,82801,82801,405 Main Avenue West Suite 2D,West Fargo,US-ND,58078,US,BTBD BTBDW,"Burger Time,Inc.",,
jurisdictions differ,0001444839,Bravo Multinational Inc.,Bravo Multinational Incorporated,549300LK3KKHOHYSIB57,LAPSED,WY,US-DE,2020 GENERAL BOOTH BLVD  UNIT 230,VIRGINIA BEACH,VA,23454,23454,2520 Manatee Avenue West Suite 200,Bradenton,US-FL,34205,US,BRVO,GoldLand Holdings Corp. | GoldCorp Holdings Corp. | GoldCorp Holding Co.,,
jurisdictions differ,0001791863,Brookfield Renewable Corp,Brookfield Renewable Corporation,894500N9AWD5I1YNP231,ISSUED,A1,CA-ON,"250 VESEY STREET, 15TH FLOOR",NEW YORK,NY,10281-1023,10281-1023,"181 Bay Street, Suite 100",Toronto,CA-ON,M5J 2T3,CA,BEPC,,,
jurisdictions differ,0001108109,COMMUNITY HEALTH SYSTEMS INC,"Community Health Systems, Inc.",549300BQWM4WENQ3YW73,LAPSED,DE,US-MA,4000 MERIDIAN BOULEVARD,FRANKLIN,TN,37067,37067,10 Emory Street,Attleboro,US-MA,02703-3089,US,CYH,COMMUNITY HEALTH SYSTEMS INC/,,
jurisdictions differ,0000880417,"CSB Bancorp, Inc.","CSB BANCORP, INC.",254900FR7KYE3QFAIX50,ISSUED,OH,US-MI,91 NORTH CLAY ST,MILLERSBURG,OH,44654,44654,1010 S MAIN ST,CHELSEA,US-MI,48118,US,CSBB,CSB BANCORP INC /OH,,
jurisdictions differ,0000811222,Cardiff Lexington Corp,CARDIFF LEXINGTON CORPORATION,549300K1VXTJZLDMJX31,ISSUED,FL,US-NV,3753 HOWARD HUGHES PARKWAY SUITE 200,LAS VEGAS,NV,89169,89169,Kathleen Robertson; 411 North New River Drive East; Suite 3005,Fort Lauderdale,US-FL,33301,US,CDIX,CARDIFF INTERNATIONAL INC,,
jurisdictions differ,0001434524,ClearSign Technologies Corp,ClearSign Technologies Corporation,529900KAAUSQWCW66J95,LAPSED,DE,US-WA,"8023 E. 63RD PLACE, SUITE 101",TULSA,OK,74133,74133,12870 Interurban Avenue South,TUKWILA,US-WA,98168,US,CLIR,CLEARSIGN COMBUSTION CORP,,
jurisdictions differ,0001770561,Coronado Global Resources Inc.,Coronado Global Resources Inc.,549300IGUM6F25CYHK79,LAPSED,DE,US-CT,LEVEL 33 CENTRAL PLAZA ONE 345 QUEEN STREET,BRISBANE,C3,,,57 Danbury Road,Wilton,US-CT,06897,US,CODQL,,,
jurisdictions differ,0001656472,Cronos Group Inc.,CRONOS GROUP INC.,549300CWB04E8UOTWX71,LAPSED,A1,CA-ON,4491 CONCESSION RD 12,STAYNER,A6,L0M 1S0,L4J 8J2,"111 Peter Street, Unit 300",Toronto,CA-ON,M5V 2H1,CA,CRON,PharmaCan Capital Corp.,,
jurisdictions differ,0001888274,"Defi Technologies, Inc.",DEFI TECHNOLOGIES INC.,5299001HQSUZC5GLA504,ISSUED,DE,CA-ON,198 DAVENPORT ROAD,TORONTO,Z4,M5R 1J2,M5R 1J2,"333 Bay Street, Suite 2400",York,CA-ON,M6E 3L4,CA,DEFT,,,
jurisdictions differ,0000038264,"Forward Industries, Inc.","FORWARD INDUSTRIES, INC.",25490013M5T813R19941,ISSUED,TX,US-NY,111 CONGRESS AVENUE SUITE 500,AUSTIN,TX,78701,78701,700 Veterans Memorial Highway Suite 100 Hauppauge,Islip,US-NY,11788,US,FWDI,FORWARD INDUSTRIES INC,,
jurisdictions differ,0001572983,"Genworth Holdings, Inc.","GENWORTH HOLDINGS, INC.",PXDECZED7L8SRUP41R09,ISSUED,X1,US-DE,11011 WEST BROAD STREET,GLEN ALLEN,VA,23060,23060,3001 Summer St Genworth Financial,Stamford,US-CT,06905,US,,,,
jurisdictions differ,0001409970,"Happen, Inc.",HAPPEN INC.,8945009J1RQQBSQ5BP24,ISSUED,DE,US-FL,88 KEARNY ST SUITE 600,SAN FRANCISCO,CA,94108,94108,5827 NW GILLESPIE AVE,PORT SAINT LUCIE,,34986,US,HAPN,LendingClub CORP | LendingClub Corp,,
jurisdictions differ,0001436208,Legacy Housing Corp,LEGACY HOUSING CORPORATION,V6WE5M18QYITU8L1QF76,LAPSED,TX,US-DE,"1600 AIRPORT FREEWAY,  #100",BEDFORD,TX,76022,76022,"15400 Knoll Trail Suite 101, LB 25",Fort Worth,US-TX,75248,US,LEGH,"Legacy Housing Corp | Legacy Housing, LTD.",,
jurisdictions differ,0001550913,"MacKenzie Realty Capital, Inc.","MacKenzie Realty Capital, Inc.",5493007PVOXYXKFFCC86,LAPSED,MD,US-CA,"89 DAVIS ROAD, STE. 100",ORINDA,CA,94563,94563,1640 School Street,Moraga,US-CA,94556,US,MKZR,,,
jurisdictions differ,0001379006,"NANOVIRICIDES, INC.","NANOVIRICIDES, INC.",5493003CK9Y2H0OORR73,LAPSED,DE,US-NV,1 CONTROLS DRIVE,SHELTON,CT,06484,06484,135 Wood Street Suite 205,West Haven,US-CT,06516,US,NNVC,,,
jurisdictions differ,0001065078,"NETWORK-1 TECHNOLOGIES, INC.","NETWORK-1 TECHNOLOGIES, INC.",529900GYEMDKBILURW28,LAPSED,MA,US-DE,65 LOCUST AVENUE,NEW CANAAN,CT,06840,06840,"445 Park Avenue, Suite 912",New York,US-NY,10022,US,NTIP,NETWORK 1 TECHNOLOGIES INC | NETWORK 1 SECURITY SOLUTIONS INC,,
jurisdictions differ,0000795800,NexMetals Mining Corp.,NEXMETALS MINING CORP.,984500CFC4C77EB11454,LAPSED,A1,CA-ON,"C/O DUMOULIN BLACK LLP 1111 WEST HASTINGS STREET, 15TH FLOOR",VANCOUVER,A1,V6E 2J3,V6E 2J3,"100 King Street West, Suite 3400",Toronto,CA-ON,M5X 1A4,CA,NEXM,Premium Resources Ltd. | Premium Nickel Resources Ltd. | North American Nickel Inc. | Widescope Resources Inc. | INTERNATIONAL GEMINI TECHNOLOGY INC,,
jurisdictions differ,0001040161,"PIXELWORKS, INC",Pixelworks Inc.,529900ORL14ENZ36HI70,LAPSED,OR,US-CA,16760 SW UPPER BOONES FERRY RD. SUITE 101,PORTLAND,OR,97224,97224,"224 AIRPORT PARKWAY, STE. 400",San Jose,US-CA,95110,US,PXLW,PIXELWORKS INC,,
jurisdictions differ,0000882508,QUICKLOGIC Corp,QUICKLOGIC CORPORATION,529900V52LUN2EHHCH56,LAPSED,CA,US-DE,2220 LUNDY AVENUE,SAN JOSE,CA,95131-1816,95131-1816,1277 Orleans Drive,Sunnyvale,US-CA,94089-1138,US,QUIK,QUICKLOGIC CORPORATION,,
jurisdictions differ,0001419275,"RTB Digital, Inc.","RTB DIGITAL, INC.",254900PDNZ5G03006102,ISSUED,NV,US-DE,"3131 CAMINO DEL RIO NORTH, SUITE 1400",SAN DIEGO,CA,92108,92108,4300 UNIVERSITY WAY NE Suite C,SEATTLE,US-WA,98105,US,RTB,"RYVYL Inc. | GreenBox POS | GreenBox POS, LLC | ASAP Expo, Inc.",,
jurisdictions differ,0001910975,Rapid Line Inc.,"Rapid-Line, Inc.",5493007638GVOEWRE075,LAPSED,NV,US-MI,1111 SOUTH ROOP STREET #1915,CARSON CITY,NV,89702,89702,1475 Gezon Parkway South West,Grand Rapids,US-MI,49509,US,RPDL,,,
jurisdictions differ,0001708599,"Serina Therapeutics, Inc.","SERINA THERAPEUTICS, INC.",5493005PJ4B0GQ36ED85,LAPSED,AL,US-DE,601 GENOME WAY SUITE 2001,HUNTSVILLE,AL,35806,35806,1010 Atlantic Avenue; Suite 102,Alameda,US-CA,94501,US,SER,"AgeX Therapeutics, Inc.",,
jurisdictions differ,0001013880,"TTEC Holdings, Inc.","TTEC HOLDINGS, INC.",GTJS1N8S8I28A7L4WG97,ISSUED,TX,US-DE,100 CONGRESS AVENUE SUITE 1425,AUSTIN,TX,78701,78701,6312 S Fiddlers Green Circle Suite 100N,Greenwood Village,US-CO,80111,US,TTEC,TELETECH HOLDINGS INC,,
jurisdictions differ,0001611547,Urban Edge Properties,Urban Edge Properties,254900MGW1LDY566BW57,LAPSED,MD,US-NJ,"12 EAST 49TH STREET, 44TH FLOOR",NEW YORK,NY,10017,10017,210 Route 4 East,Paramus,US-NJ,07652,US,UE,Vornado SpinCo,,
jurisdictions differ,0001468091,VEON Ltd.,VEON LTD.,5493008CA3NMHYEVT131,ISSUED,D0,AE-DU,INDEX TOWER (EAST TOWER) UNIT 1703,DUBAI (DIFC),C0,,,"UNIT 1703, LEVEL 17, INDEX TOWER, DUBAI INTERNATIONAL FINANCIAL CENTRE",DUBAI,AE-DU,,AE,VEON,VimpelCom Ltd.,,
jurisdictions differ,0001584549,"Village Farms International, Inc.",Village Farms International Inc.,529900TR69X5FFZ6K955,LAPSED,A6,CA-BC,90 COLONIAL CENTER PKWY,LAKE MARY,FL,32746,32746,4700-80th Street,Delta,CA-BC,V4K 3N3,CA,VFF,,,
jurisdictions differ,0001266806,"Vivani Medical, Inc.","Vivani Medical, Inc.",5299004VTNX49EZIFL05,LAPSED,DE,US-CA,1350 S. LOOP ROAD,ALAMEDA,CA,94502,94502,5858 HORTON STREET,EMERYVILLE,US-CA,94608,US,VANI,SECOND SIGHT MEDICAL PRODUCTS INC | SECOUND SIGHT MEDICAL PRODUCTS INC,,
jurisdictions differ,0000107687,WINNEBAGO INDUSTRIES INC,"WINNEBAGO INDUSTRIES, INC.",549300B7OYKYJLTE3G11,LAPSED,MN,US-IA,13200 PIONEER TRAIL,EDEN PRAIRIE,MN,55347,55347,605 West Crystal Lake Road,Forest City,US-IA,50436,US,WGO,,,
jurisdictions differ,0001779474,"WM TECHNOLOGY, INC.","WM TECHNOLOGY, INC.",549300APSNIYJ4PTIL34,LAPSED,E9,US-DE,41 DISCOVERY,IRVINE,CA,92618,92618,1114 6th Ave; 41st Floor,New York,US-NY,10036,US,MAPS,Silver Spike Acquisition Corp.,,
jurisdictions differ; GLEIF HQ is a registered-agent address,0001937891,AMC Robotics Corp,AMC ROBOTICS CORPORATION,5299002FNFHDYWASPR60,ISSUED,E9,US-DE,"420 LEXINGTON AVE, SUITE 2446",NEW YORK,NY,10170,10170,"c/o THE CORPORATION TRUST COMPANY, CORPORATION TRUST CENTER 1209 ORANGE ST",WILMINGTON,US-DE,19801,US,AMCI,AlphaVest Acquisition Corp.,,
jurisdictions differ; GLEIF HQ is a registered-agent address,0001962738,"CASI Pharmaceuticals, Inc.","CASI PHARMACEUTICALS, INC.",549300RYDG4U21PJZ263,LAPSED,E9,US-DE,"1701-1702, CHINA CENTRAL OFFICE TOWER 1 NO. 81 JIANGUO ROAD, CHAOYANG DISTRICT",BEIJING,F4,100025,100025,CORPORATION TRUST CENTER 1209 ORANGE ST,WILMINGTON,US-DE,19801,US,CASIF,"CASI Pharmaceuticals Holdings, Inc.",,
jurisdictions differ; GLEIF HQ is a registered-agent address,0001253689,"CRESCENT BIOPHARMA, INC.","CRESCENT BIOPHARMA, INC.",549300TZ84FFU2J2J459,LAPSED,E9,US-DE,300 FIFTH AVENUE,WALTHAM,MA,02451,02451,Corporation Trust Center 1209 Orange Street,Wilmington,US-DE,19801,US,CBIO,GLYCOMIMETICS INC,,
jurisdictions differ; GLEIF HQ is a registered-agent address,0000034067,DMC Global Inc.,DMC GLOBAL INC.,549300CBDXD1Z5MRNG02,LAPSED,CO,US-DE,11800 RIDGE PARKWAY SUITE 300,BROOMFIELD,CO,80021,80021,1209 ORANGE STREET,WILMINGTON,US-DE,19801,US,BOOM,DYNAMIC MATERIALS CORP,,
jurisdictions differ; GLEIF HQ is a registered-agent address,0001852353,Dakota Gold Corp.,Dakota Gold Corp.,549300XIS1CNFUXUAU81,LAPSED,DE,US-NV,"106 GLENDALE DRIVE, SUITE A",LEAD,SD,57754,57754,"C/O Laughlin Associates, Inc. 9120 Double Diamond Parkway",Reno,US-NV,89521,US,DC,JR Resources Corp.,,
jurisdictions differ; GLEIF HQ is a registered-agent address,0001571996,Dell Technologies Inc.,Dell Technologies Inc.,549300TJB5YBRUPOG437,LAPSED,TX,US-DE,ONE DELL WAY,ROUND ROCK,TX,78682,78682,"C/O Silver Lake Partners III, L.P. 2775 Sand Hill Road Suite 100",Menlo Park,US-CA,94025,US,DELL,Dell Technologies Inc | Denali Holding Inc.,,
jurisdictions differ; GLEIF HQ is a registered-agent address,0001381531,Domtar CORP,DOMTAR CORPORATION,XYSIJOU3HNVROZWNA008,ISSUED,SC,US-DE,234 KINGSLEY PARK DRIVE,FORT MILL,SC,29715,29715,"c/o NATIONAL REGISTERED AGENTS, INC. 1209 ORANGE STREET",WILMINGTON,US-DE,19801,US,,,,
jurisdictions differ; GLEIF HQ is a registered-agent address,0001821534,"Exodus Movement, Inc.","EXODUS MOVEMENT, INC.",984500E614L4114D9667,ISSUED,TX,US-DE,"15418 WEIR ST., #333",OMAHA,NE,68137,68137,251 LITTLE FALLS DRIVE,WILMINGTON,US-DE,19808,US,EXOD,,,
jurisdictions differ; GLEIF HQ is a registered-agent address,0001526113,"Global Net Lease, Inc.","GLOBAL NET LEASE, INC.",549300NUYANCT5SU8Z65,ISSUED,NY,US-MD,650 FIFTH AVE 30TH FLOOR,NEW YORK,NY,10019,10019,c/o CSC-LAWYERS INCORPORATING SERVICE COMPANY 7 ST. PAUL STREET SUITE 820,BALTIMORE,US-MD,21202,US,GNL GNL-PA GNL-PB GNL-PD GNL-PE,"American Realty Capital Global Trust, Inc. | American Realty Capital Global Daily Net Asset Value Trust, Inc.",,
jurisdictions differ; GLEIF HQ is a registered-agent address,0000874015,IONIS PHARMACEUTICALS INC,"Ionis Pharmaceuticals, Inc.",549300SI4ZGLG0BLUZ92,LAPSED,CA,US-DE,2855 GAZELLE COURT,CARLSBAD,CA,92010,92010,251 Little Falls Drive,Wilmington,,19808,US,IONS,ISIS PHARMACEUTICALS INC,,
jurisdictions differ; GLEIF HQ is a registered-agent address,0001789769,"Instil Bio, Inc.","INSTIL BIO, INC.",529900HW1XOEQEVG5T88,ISSUED,NY,US-DE,3963 MAPLE AVENUE SUITE 350,DALLAS,TX,75219,75219,"c/o INCORPORATING SERVICES, LTD., 3500 S DUPONT HWY",DOVER,US-DE,19901,US,TIL,,,
jurisdictions differ; GLEIF HQ is a registered-agent address,0001598646,"Minerva Neurosciences, Inc.","MINERVA NEUROSCIENCES, INC.",54930017PANCHC5LYH79,LAPSED,MA,US-DE,1500 DISTRICT AVENUE,BURLINGTON,MA,01803,01803,C/O Corporation Service Company 2711 Centerville Road Suite 400,Wilmington,US-DE,19808,US,NERV,,,
jurisdictions differ; GLEIF HQ is a registered-agent address,0001830033,"PureCycle Technologies, Inc.","PURECYCLE TECHNOLOGIES, INC.",529900G6G40WZ51CP379,ISSUED,X1,US-DE,20 NORTH ORANGE AVE SUITE 106,ORLANDO,FL,32801,32801,"c/o CORPORATION SERVICE COMPANY, 251 LITTLE FALLS DRIVE",WILMINGTON,US-DE,19808,US,PCT PCTBP PCTTU PCTTW,Roth CH Acquisition I Co. Parent Corp.,,
jurisdictions differ; GLEIF HQ is a registered-agent address,0001581091,"RE/MAX Holdings, Inc.","RE/MAX Holdings, Inc.",54930033W2KS56JHAN30,RETIRED,CO,US-DE,5075 SOUTH SYRACUSE STREET,DENVER,CO,80237,80237,C/O Corporation Service Company 2711 Centerville Road Suite 400,Wilmington,US-DE,19808,US,RMAX,,,
jurisdictions differ; GLEIF HQ is a registered-agent address,0001642896,Samsara Inc.,SAMSARA INC.,529900IE80DQBIFK3M88,ISSUED,NV,US-DE,1 DE HARO STREET,SAN FRANCISCO,CA,94107,94107,"c/o THE CORPORATION TRUST COMPANY, CORPORATION TRUST CENTER 1209 ORANGE ST",WILMINGTON,US-DE,19801,US,IOT,Samsara Networks Inc.,,
jurisdictions differ; GLEIF HQ is a registered-agent address,0001874315,Satellogic Inc.,SATELLOGIC INC.,5299009D26BMHHTAHA11,ISSUED,D8,US-DE,210 DELBURG STREET,DAVIDSON,NC,28036,28036,"c/o INCORPORATING SERVICES, LTD., 3500 S DUPONT HWY",DOVER,US-DE,19901,US,SATL SATLW,,,
jurisdictions differ; GLEIF HQ is a registered-agent address,0001552275,Sunoco LP,SUNOCO LP,54930001NJU8E40NQ561,LAPSED,OK,US-DE,"8111 WESTCHESTER DR., SUITE 400 SUITE 600",DALLAS,TX,75225,75225,251 LITTLE FALLS DRIVE,WILMINGTON,US-DE,19808,US,SUN,Susser Petroleum Partners LP,,
jurisdictions differ; GLEIF HQ is a registered-agent address,0001559432,"TXO Partners, L.P.","TXO PARTNERS, L.P.",KWQMGYEOMKX7BT2PZF05,ISSUED,X1,US-DE,400 WEST 7TH STREET,FORT WORTH,TX,76102,76102,c/o THE CORPORATION TRUST COMPANY CORPORATION TRUST CENTER 1209 ORANGE ST,WILMINGTON,US-DE,19801,US,TXO,"TXO Energy Partners, L.P. | MorningStar Partners, L.P.",,
jurisdictions differ; GLEIF HQ is a registered-agent address; same city,0001802974,"Mission Produce, Inc.","MISSION PRODUCE, INC.",54930016JOKVFT59L825,LAPSED,DE,US-CA,2710 CAMINO DEL SOL,OXNARD,CA,93030,93030,C/O Justin Warren 2500 Vineyard Avenue Suite 300,Oxnard,US-CA,93036,US,AVO,,,
jurisdictions differ; SEC name ends /DE,0000110471,WOLVERINE WORLD WIDE INC /DE/,"WOLVERINE WORLD WIDE, INC.",549300OVC7PK14LQ8D87,ISSUED,MI,US-DE,9341 COURTLAND DR,ROCKFORD,MI,49351,49351,3410 BELLE CHASE WAY STE 600,LANSING,US-MI,48911,US,WWW,,,
jurisdictions differ; SEC name ends /DE; GLEIF HQ is a registered-agent address,0000814676,CPS TECHNOLOGIES CORP/DE/,CPS TECHNOLOGIES CORP.,529900V9XT8Q26X56N45,ISSUED,MA,US-DE,111 SOUTH WORCESTER STREET,NORTON,MA,02766,02766,"c/o THE CORPORATION TRUST COMPANY, CORPORATION TRUST CENTER 1209 ORANGE ST",WILMINGTON,US-DE,19801,US,CPSH,CERAMICS PROCESS SYSTEMS CORP/DE/,,
jurisdictions differ; SEC name ends /DE; same city,0000894405,ARCBEST CORP /DE/,ArcBest Corporation,5493006S3KBNE8ZS3J23,LAPSED,TX,US-DE,8401 MCCLURE DRIVE,FORT SMITH,AR,72916,72917-0048,3801 Old Greenwood Road,Fort Smith,US-AR,72903,US,ARCB,ARKANSAS BEST CORP /DE/,,
jurisdictions differ; SEC name ends /MA,0001031316,FRANKLIN STREET PROPERTIES CORP /MA/,FRANKLIN STREET PROPERTIES CORP.,549300STLK2T6QY5WO82,ISSUED,MA,US-MD,401 EDGEWATER PLACE STE 200,WAKEFIELD,MA,01880,01880,2405 YORK ROAD SUITE 201,LUTHERVILLE TIMONIUM,US-MD,21093-2264,US,FSP,FRANKLIN STREET PARTNERS LP,,
jurisdictions differ; SEC name ends /NV; same city,0000885978,U S PHYSICAL THERAPY INC /NV,U.S. Physical Therapy Inc.,529900KL1UXQYFIOMY96,LAPSED,NV,US-TX,1300 WEST SAM HOUSTON PARKWAY SOUTH SUITE 300,HOUSTON,TX,77043,77043,"1300 West Sam Houston Parkway South, Suite 300",Houston,US-TX,77042,US,USPH,,,
jurisdictions differ; SEC name ends /PR,0001525852,"BOTS, Inc./PR","BOTS, INC.",549300TZ96S9I2F7U391,RETIRED,PR,US-KS,1064 AVE PONCE DE LEON SUITE 200,SAN JUAN,PR,00907,00907,3031 South West Wanamaker Road,Topeka,US-KS,66614,US,,"mCig, Inc. | Lifetech Industries Inc.",,
jurisdictions differ; same city,0000078749,AGILYSYS INC,"AGILYSYS, INC.",5299001XWB5V3B5IPN93,LAPSED,DE,US-OH,3655 BROOKSIDE PARKWAY SUITE 300,ALPHARETTA,GA,30022,30022,"1000 Windward Concourse, Suite 250",Alpharetta,US-GA,30005,US,AGYS,PIONEER STANDARD ELECTRONICS INC,,
jurisdictions differ; same city,0001786286,Draganfly Inc.,Draganfly Inc.,894500SZMK5WX44WHE32,ISSUED,A1,CA-SK,2108 ST. GEORGE AVENUE,SASKATOON,A9,S7M 0K7,S7N 1Y8,235 103rd St E,Saskatoon,CA-SK,S7N 1Y8,CA,DPRO,,,
jurisdictions differ; same city,0001438423,EVERSPIN TECHNOLOGIES INC.,"Everspin Technologies, Inc.",549300MNDRV7X6PEDF15,LAPSED,X1,US-DE,5670 W. CHANDLER BOULEVARD SUITE 130,CHANDLER,AZ,85226,85226,1347 North Alma School Road Suite 220,Chandler,US-AZ,85224,US,MRAM,EVERSPIN TECHNOLOGIES INC,,
jurisdictions differ; same city,0001595248,"Genprex, Inc.","Genprex, Inc.",549300KS9771JZ234890,LAPSED,TX,US-DE,3300 BEE CAVE ROAD SUITE 650-227,AUSTIN,TX,78746,78746,100 Congress Avenue Suite 2000,Austin,US-TX,78701,US,GNPX,,,
jurisdictions differ; same city,0001524358,MARRIOTT VACATIONS WORLDWIDE Corp,MARRIOTT VACATIONS WORLDWIDE CORPORATION,549300WA6BT5H4F7IO94,ISSUED,X1,US-DE,7812 PALM PARKWAY,ORLANDO,FL,32836,32836,9002 SAN MARCO COURT,ORLANDO,US-FL,32819,US,VAC,,,
jurisdictions differ; same city,0001680247,ProPetro Holding Corp.,PROPETRO HOLDING CORP.,254900RBXU2DAMHEX195,ISSUED,TX,US-DE,P.O. BOX 873,MIDLAND,TX,79702,79702,"One Marienfeld Place, Suite 300 110 N. Marienfeld Street",Midland,US-TX,79701,US,PUMP,,,
jurisdictions differ; same city,0001699039,"Ranger Energy Services, Inc.","Ranger Energy Services, Inc.",549300J7RIVGVAN0RE23,LAPSED,TX,US-DE,10350 RICHMOND AVENUE SUITE 550,HOUSTON,TX,77042,77042,800 Gessner Street Suite 1000,Houston,US-TX,77024,US,RNGR,,,
jurisdictions differ; same city,0001505155,"Upland Software, Inc.","UPLAND SOFTWARE, INC.",549300NS277POYJ63W89,ISSUED,TX,US-DE,"900 S. CAPITAL OF TEXAS HWY LAS CIMAS IV, SUITE 300",AUSTIN,TX,78746,78746,401 Congress Avenue,Austin,US-TX,78701,US,UPLD,Silverback Acquisition Corp,,
jurisdictions differ; same city,0000108385,WORLD ACCEPTANCE CORP,World Acceptance Corp.,529900M7JQUDCH7Q9153,LAPSED,SC,US-DE,104 S. MAIN STREET SUITE 400,GREENVILLE,SC,29601,29606,108 Fredrick Street,Greenville,US-SC,29607,US,WRLD,,,
jurisdictions differ; same city,0000108772,XEROX CORP,XEROX CORPORATION,4KF48RN45X1OO8UBLY20,ISSUED,CT,US-NY,401 MERRITT 7,NORWALK,CT,,,201 MERRIT 7,NORWALK,US-CT,06851,US,,,,
jurisdictions differ; same city,0001770450,Xerox Holdings Corp,XEROX HOLDINGS CORPORATION,5493000Y33XDVO2CXC18,ISSUED,CT,US-NY,401 MERRITT 7,NORWALK,CT,,,"401 MERRITT 7, TAX DEPARTMENT",NORWALK,US-CT,06851,US,XRX XRXDW,,,
